user_id,Recency,Frequency,Monetary
050a170a-e89a-41de-8956-96636499ca43,20,3,391.1
e1a18eb9-4236-460e-b107-41d41c345505,0,1,1284.93
e9b36644-57c7-45e0-ae19-b6bece31e066,14,3,165.19
c7fec83b-9cd4-4141-9b2d-afdbb659429c,0,5,271.76
062865b3-e30f-475f-a6c5-1cd2462eb3b3,3,1,80.0
1d22764a-ae8e-4991-87b1-b44132156140,0,4,250.61
75049afc-f0be-4bd7-881a-68681b51b386,2,1,74.96
f236c5d2-cf0d-4d4c-b225-91830e499f8b,16,2,82.96000000000001
5cc168a1-8137-40ee-b8c8-1848611b8bd7,13,1,30.97
c8b1c8f2-4be5-497f-a8fe-cfb69b41f46a,14,1,21.99
09d2d48c-49f7-4369-b364-94ff0f2f05ec,0,2,188.16
de788f5d-ad0a-4524-be90-032a0be54df4,9,6,838.83
913d698e-d4ab-4ad4-bb86-5035702264b3,0,3,1018.74
2ed8740f-2def-400c-b9fd-7c0fea3dfb94,0,2,52.96
6e5b089b-f352-4d7b-b874-5ecbbc8e1b56,36,5,336.9200000000001
fe1a7266-e817-4cfd-8499-9eb3a6717f5e,10,3,183.72000000000003
f8511e98-2885-49f5-8404-e2b06ba958b8,0,2,245.6
1634c309-84fd-4e8f-a225-ef655da7a5a2,11,1,149.9
626b2542-2cce-46b6-b18a-1da345836ca9,1,1,13.57
76b98c6d-b90f-4be0-8ee5-6191693b64b3,4,2,244.12
11c687f0-7605-4fe7-bed0-b04eaa44b48a,0,3,243.88
fee83aae-fafd-4819-b6b9-4306e0a35328,4,4,1084.79
5ec5a336-a008-4444-af03-0c728f93adbc,25,1,30.29
b330b437-28ce-4b76-9513-97f0ac2ad2d6,3,2,276.78
93afaef0-2ac4-42a7-b9f2-17a3e287821a,3,1,17.48
a5bb1e4e-7d48-4501-ae33-855b3446811b,7,2,104.8
d4c05751-300d-4fe7-bbb6-7b6fe497af29,30,1,59.95
13033961-073b-4f0e-b168-d5340e27b4ec,5,4,144.72
14aeaeae-fe22-4e33-a2a1-449e1569a575,15,2,111.81
74e58d2c-7f23-490a-b5ff-531a94c2c542,3,2,64.7
711d91ce-b164-4711-8adf-7688e96b278b,6,2,540.38
403272d6-000b-4e10-9651-edd56175ad82,1,3,196.32999999999998
ccb91e86-650d-4e3e-96f0-8d4fcce49112,7,2,59.67999999999999
e9fb5d78-f287-4345-ad0a-e7137394c59b,9,4,841.42
8514e3db-97f8-4e10-aaaa-0704b3ae5465,3,3,123.72
ea4bb569-5c66-4aad-aa6f-a8c33839384b,16,2,36.56
feb35978-62e3-43ea-8f07-1aa67e5875ac,27,1,22.98
4b7e02d3-19e4-450e-8410-c70d10b13846,21,2,66.34
817fe201-da27-4647-a7d6-ac2b335001c6,5,1,905.48
1d476bc3-84f5-44db-8ae5-02b6e1aa78bf,26,1,50.94
f8486a92-7b8e-4a70-a69b-fa9860d65c1e,14,1,139.95
9644e99d-461f-458f-8883-6def83fb9c01,6,4,232.3
a09a98d0-f98c-424d-94e4-50b2009cc9b8,33,1,51.57
e130f793-d3c4-425d-abbf-b317a93cfedd,6,2,70.67
130744ed-966a-4468-bfda-99ef2163eb74,7,2,122.50999999999999
78272359-9977-42e3-a886-8458895e46e5,19,2,517.98
208889be-488b-44a7-8663-15a3c019b055,4,4,223.81
a5360d14-0882-4785-a46f-4a1f11c3af09,17,1,19.24
9dc06b85-b10e-45fe-8527-3e7efb291882,6,7,368.15
7b389114-d9a2-4dc5-89a1-09a325822bf9,5,1,82.2
9772b025-ad9a-4a58-a279-6ff7b1fe3295,8,2,102.28
bee4c5a8-e9b8-47b9-af1f-2f3ae86eb59f,0,4,175.26
f4070bda-962e-4770-9a43-d29387c53aae,13,1,32.97
bc53dc4d-4cde-414a-9850-be18184f02e5,3,3,283.98
17251eb0-8f06-4b0d-8ca0-cdf2294ed720,13,1,60.54
777af399-c104-44ad-be2d-2580541b08f6,30,2,135.07
c7d49763-1360-4be1-bc81-262e383c9ec3,2,3,95.82
f170d207-8392-45b3-b621-6d6302692578,26,2,1277.03
a4056c83-652b-4883-b25f-bb35d886f8ad,5,1,208.77
2b57b982-1231-4141-854f-c4c2585cde69,4,1,38.26
179a67b7-f4cc-4fa9-8bb1-7186ff2fcaaa,17,2,88.63
9b6c924c-bb59-427d-b826-6c967beac1b6,5,2,68.12
00ec4e50-b4ed-41c6-97db-82f6057201ec,2,1,84.8
9d4cd825-7099-41c0-9c64-e5519427586a,1,1,27.93
bd418307-f640-4ae3-ad20-8fe9ee0075c5,3,4,288.58000000000004
d72beb8c-958e-4c72-b92a-3fda2e84077c,7,2,84.05000000000001
7003efe6-85be-4b21-a0e4-0bb304449695,9,2,83.11
202079af-4bc5-43ad-b1aa-cbf7376c786a,38,1,12.66
bef80429-30f9-429b-ab20-fe41a5177b59,0,2,647.4300000000001
0c8067ca-d25f-4ca7-bc29-8437f33038d2,7,3,119.58
978eed0c-07f4-45de-a134-020fe84a9c45,5,4,154.51999999999998
8069bdb0-5522-4cbc-a468-b17946acf802,1,2,50.730000000000004
07fc7f03-0819-4f7b-ae8b-f27b18ad3941,36,2,40.65
eb351741-4846-46f4-a40c-a8b97393b102,6,1,159.56
23a211f7-4676-4854-b38b-8fc4ee352428,106,1,39.76
b220efaa-d3a3-4c15-9c90-66077611a4f6,10,3,178.87
22ffa9da-aab3-427d-adf7-06e2751edd19,6,2,156.78
2282fd10-0af9-4eec-83b1-67c38f8bff40,2,4,113.39000000000001
7c32e2a0-ddd1-459d-a414-35769bcca70f,19,2,110.58
8b016722-9d0b-43bc-b65d-d4632a1b8884,3,3,80.4
0e1b0350-09d3-4d13-a1f7-fe0236e44434,25,1,29.54
d5b0cbcf-e731-4892-87af-dca1e0264d67,6,1,26.92
37ec2dba-6250-46c3-82af-29813237db27,53,1,20.98
48104f8f-0c6d-41c2-924f-6845567fb65a,5,2,72.35
26f11c26-0e54-4768-910c-8545b6d79d4e,57,1,51.05
727f5a44-a843-4b47-b995-f1ef7db910f3,38,1,57.16
46223988-0fa6-48ad-ad44-4111910a9143,12,1,93.59
bea9fa3d-b95a-40a0-bb7c-b0098223e99b,0,3,166.28
24127edd-77a8-4164-9770-b950bd727c32,6,2,84.2
99d45c43-99e7-4f75-baa7-ead6a63a822a,21,1,25.31
f4d4425f-f38e-4cc9-8d25-cf00ead9bfe5,1,2,104.38
8ee1e8d2-00e6-4dab-adf9-f1c1678c9179,14,4,193.06
2a0af0e8-542d-404e-81ce-2e038a21de54,0,3,747.1
8f2985b3-8553-4628-8b47-4027ac0ec4c2,0,1,258.49
15d82374-1d59-4c99-bdba-065b39c54d52,27,2,133.57
0f34f21e-10f1-4d96-979a-f8c9922d2835,21,1,68.36
40ad7375-6310-4456-8b7c-b37f0eee1c10,46,1,26.98
6b383aed-7a04-45ba-bcc5-5c12524dcba1,1,2,98.46000000000001
98a9696c-86fb-4184-bad7-ec17b96bceee,4,1,73.91
9d2e2eca-5175-4431-80de-6ca953bb38b1,0,2,87.11
72862259-d65b-46b6-8c93-d1e495ee3c7a,54,1,40.93
9e9344a9-dad3-46b8-b300-35f2dc224f89,13,1,18.39
e2c823c2-1925-47c4-ae53-fb7a4a07d384,14,2,95.14
444f31e9-f81a-4e20-b4ec-db04f8a8bb1f,0,5,286.17999999999995
dab652b1-097e-4c2a-a2f7-e4cc7c6b4470,2,2,87.66000000000001
02d21f9a-8dbb-4185-9815-2df5b9005c40,26,1,59.58
961e3086-90eb-4a59-8ef6-36ce1d06fce5,21,2,62.67
d54ddd3e-3e96-4569-a1c9-cc35f226f5eb,13,1,32.34
0ef3e560-7455-4b0c-99be-23c2ea47020e,0,1,58.17
815ec930-e35c-4f3a-99ad-a30362ce46bc,3,4,426.69
ef2c0caa-577e-4fb1-a576-78c38221a45e,1,1,21.98
6b3f471c-127c-47d5-81bd-a64840f78d23,7,3,125.41999999999999
165bc54d-f822-4ac7-8a08-f60a3a472766,72,1,98.21
9435a595-7b1b-442c-ab48-092553e62dd5,18,1,118.74
da5ad72e-a691-4e32-a289-f7ab0f586a5b,0,2,78.96
f7f48b8f-f9cd-4f76-b828-bcd53b8217eb,1,2,53.48
4cfc9b9c-e8d2-4a29-8742-e351ead147b7,4,3,147.94
0d9a22b9-64e5-4b74-bbf4-337d6285f0f5,8,2,72.46
987bf5ed-a823-4fd8-b0f4-296cff7cb87d,11,4,494.98999999999995
e4bf27cb-2926-474f-9d15-372852547b4f,41,2,46.02
a63558ab-6697-4979-bc56-ba6f2c87b36f,4,3,129.76999999999998
a04de325-57a8-4e58-9094-8be77ba314e0,0,3,153.51
65dd0891-133b-4056-88e1-cf181916cf81,0,3,101.88000000000001
c7f9e2a0-9d3d-436c-b908-746ff700f6b0,2,1,120.89
68b90999-35fc-4108-8ff1-7346f188dc9b,1,4,221.79000000000002
47e858a7-6b79-462c-b061-71655fe08595,20,1,17.7
ba72b922-1394-4dfd-8b3e-1e10b681dbf6,7,2,135.45000000000002
4c43cffb-3336-464f-8ac6-30ae58035ff1,2,2,96.75
f625f0b8-ec98-4642-88a7-aaacd555e3e3,27,1,80.26
241133ac-609c-4c77-b74a-dfd5ca6361d6,1,4,227.51
67e6eff6-2d8d-4283-bcad-c195828fe3e3,1,2,88.97
ad4acf70-582e-4841-9d69-4ebd325778ff,5,1,57.65
ae213409-b3f1-4bc0-8ae6-1faaea80ab34,3,2,149.65
0c527547-f245-4c72-a9b1-15129dd517db,48,2,44.31999999999999
9c9ca8f1-2f46-4b82-94b6-38e20f019014,3,3,152.49
9324f4a0-57f4-4d31-acd8-fa835a4076f4,3,1,48.73
b1ca8760-4d34-418e-8f18-236dc5677164,8,3,354.95
030cef05-1270-4aa8-a889-be145db5bf8d,10,4,191.76
72720956-0f53-48d2-ad9e-52eee451bcc2,13,2,482.18
b6450950-de19-4ff6-97f3-15dd30f25afe,3,1,369.02
5b6bc75e-caef-4865-a812-c821709a629e,28,2,224.98999999999998
c3eaae91-2063-4840-944d-a47cfa3f1b4b,0,3,79.25
53d12877-a405-4660-87cc-2d62a5969b7c,3,4,316.3
b73e105f-6e7e-4dcf-a038-625471fbe6d1,4,4,921.05
987c738f-3be1-4b48-b40b-2e9a514ecad6,0,3,108.46000000000001
da1048da-b91c-40b4-812d-af772ebad0f7,39,1,35.88
d8069df2-ae8a-4997-a472-9a5957013df4,12,1,45.27
ea47d9f1-7f2f-438a-8c12-2a73c5687093,3,3,266.04999999999995
1d1b0452-8c51-4392-8454-607657a3135f,4,2,80.56
9a77dba6-d2a7-44ad-a742-8a68dc1a35f1,0,3,75.74000000000001
8418d71a-3636-4b9d-8a8a-92791e2ac041,8,4,128.67
aaaf5a7b-b4fc-45bd-8c69-a660d3a92eb9,23,2,118.89
1c6a411a-ccd0-40d8-b443-b17737f49b87,29,1,37.98
aeefed20-3691-4d00-9520-ba30f5f5d13a,3,2,152.93
e94679d8-f3fc-4d11-9b0c-82e67fc7208a,1,4,254.06000000000003
3a734124-6f45-40da-883c-0bbed03f4542,3,2,126.77000000000001
c44c17a0-9da8-441e-a8b1-2496e31616cf,0,3,147.25
defdfa93-1cf3-4586-a342-798d61f51fb3,15,1,34.47
64f9aa13-eb27-4a66-9574-0582a1090550,0,5,671.26
65a5300f-23fe-4bc3-9bc9-c297167e0879,5,3,170.17
d2f889fd-0be5-44a9-af16-3b01ec001fff,2,2,40.67
a2e15844-4902-42db-87e7-5baa908671b3,3,3,118.84
a2b15246-53a3-43f8-a589-21685e66d80c,11,2,101.1
1e61a04f-de2d-441c-81c6-da01060b70dc,3,4,757.4499999999999
00b271e5-b574-46b8-94a1-3862553acef7,2,2,554.04
2983404d-1f9f-4e29-b8bd-4cf8b944d585,4,1,75.34
a0ece8d7-7af8-4f2c-b51b-2545553f6e5b,0,4,138.56
aab537d7-ca28-47f1-94b3-37381c04b068,5,1,15.96
20348425-e868-4dd8-82b9-565611b5205a,6,1,30.48
b3a83837-3b53-4b65-a12e-6d53260124ef,4,2,259.82
f0ba8fb8-b902-4c37-b97b-7178386c0afe,5,3,682.43
1d94f63e-50a4-4f95-bd70-e720b28fe468,7,1,666.24
2f3dc2ea-a370-46fd-9706-9328c8ff85c6,0,1,945.99
2187f3df-58a0-483f-bd39-e62d3fa7e5f3,18,1,45.45
23006ce5-77b8-4f3f-b502-52db0355262d,0,2,567.1
db0085c9-dd0f-4da9-9c3b-c4590688715d,20,2,69.88
60aa50b6-bd26-4663-9c63-a1cb0f8ae202,4,3,134.45
21fe42cf-b8d7-46b6-947b-f4debe3bdae5,1,3,228.93999999999997
84fe2e0a-b06d-4d94-8341-33b70c4609d0,18,1,54.93
522cefee-cc8e-4b91-b1bf-8b5a64e34852,2,4,523.63
31338863-3011-4e71-908d-2e049bc9b23d,3,3,937.84
5d92b714-5419-4261-bcf2-9823a6ebdf9f,21,2,103.71000000000001
6daf33ba-80bb-445f-9110-374e4a1891fc,24,1,13.61
014b8b28-09f4-4fa4-9f94-b37cbe9efb89,3,3,176.54999999999998
d68123c0-e93e-46d3-85ce-1178bc4d7371,24,2,83.41
b5d33734-eb4f-4f05-9c81-c4e26138f61f,0,2,61.43000000000001
038db5fb-9e7b-4ad0-a642-e464fd093d6f,3,3,323.0
c03c6b62-074e-457f-b8c0-dd843114c089,0,1,247.82
7eb397fa-3271-4abb-82e7-1d45fecaf4c3,33,1,122.28
8da22d83-0881-4749-a1dc-d4baabe348fb,14,2,125.51
3834df0a-a945-4e28-9833-038138801bc6,20,3,356.86
dab7552e-1350-4424-bbed-f34ea3dd2ff9,7,4,308.02
eeda7354-236b-45d5-9c33-5db027462a77,36,1,71.13
c62f5451-e05c-45c1-8464-4479336ad625,1,5,269.27
9266a41d-19e7-4b32-b9ad-6f92460bebec,1,1,20.98
947d0a25-2240-4c27-b850-6f75daf0319b,3,4,1000.6700000000001
be01db7a-7fd6-4b86-a752-82970b9a3270,8,4,137.53
c01d6135-ceb0-4b69-882e-fb2e04557b3b,8,1,66.68
e4c1f30d-4857-42cc-b362-49eafeed2dcd,3,2,210.85999999999999
84c5d718-d8d2-45b0-9801-a423ea7738c4,4,3,252.38
41e468bf-7fdb-458c-83fa-aea83aedddf4,5,2,78.5
489408e7-a629-4397-b2e5-ef032627555d,13,1,53.12
915d1342-6307-41e9-a51a-dd0ec6ba611f,6,3,147.84
fa896dfb-db74-45e2-8948-750493399bb7,35,1,54.89
0f54481d-5eed-452f-a6d0-2f910c4866a5,9,4,215.22000000000003
eeaf8dc2-71f8-413f-89e6-ef75579447bb,5,2,72.78
009be43c-e968-4518-aa6a-d9e903ccaab7,14,2,62.64
a7775cec-090a-42d0-975f-a384c3c3e693,8,1,24.95
22f8abc8-db69-4a38-85fd-67b79058dae8,0,1,89.47
95c9a7d6-a0e4-4b74-91d3-57d449ac74e4,73,1,58.38
e4a8e158-b20b-4887-954d-6e090dda72ba,3,2,239.44
eb89b173-46d1-45c2-a26c-2ca11ab5743c,6,3,94.05
139c3c9a-893a-454f-acc0-24fc2a8061be,3,3,274.2
8363f1cf-9c83-49a1-b035-27cbc6cf0eb8,8,4,150.92999999999998
36a122d2-fb11-4766-9c0a-c9f964e08c8a,1,3,2570.14
c890f22f-9053-4336-9bd9-014b70bc0b4b,20,2,33.35
0d490a3e-dc70-45c9-90aa-375f367871b4,8,2,637.47
ae8fea7f-759f-424c-ba50-8a1d8802876b,10,4,110.89999999999999
072ca1a9-9765-4638-8d96-f3e1860dedc8,0,3,113.37
4c73110c-b846-4d12-b237-49873e2c1260,0,6,180.76
00b9934e-fab3-4fce-83ac-e1cb4a8ed713,2,1,299.29
88514277-38f7-4708-ba2d-f66940d47595,4,3,170.33999999999997
f8a485b4-776a-49ee-809f-42cef355857d,0,3,74.68
c8ff854a-6172-4904-b45b-d3b41c6a8e14,18,2,213.68
249ca9a1-b5c0-428b-9702-5e3f7d03763d,48,2,169.21
4df2efbb-90bf-451d-aada-3a591ab33997,3,3,156.37
dcec910f-4511-43fa-ba8a-6c8f7de0d611,28,2,33.54
7151ae9c-7416-4d9e-8a9a-2d5a84c9896e,8,3,271.86
6d200427-41a5-49a8-b7a3-2b50dc75b6b3,22,2,55.91
be4fc749-cb59-43a6-8374-11e81ccb33f7,1,3,203.05
570dbd45-64ab-4f94-b97f-68723775914a,18,2,169.31
843dab37-662e-4b4d-a7ad-247a5acacd56,2,4,244.07999999999998
cc3feec4-55c6-40f4-b2cc-f9db65fda39e,1,2,279.87
747515a2-46f1-411d-b238-1c8296f9356e,40,1,17.88
d28d3a5d-0d3d-43bc-9f30-8769b408d0f8,4,2,1022.77
65eebb4e-b9a9-49c7-bc07-d8c875cbff44,4,2,67.97
4f9f82c4-644d-4823-8d4e-89f33751f76b,2,2,108.37
4e0273e9-740e-4d61-a71e-c4ba6e45e30d,3,3,153.14999999999998
a5e3018d-a185-41c2-b7d7-08521cebf2be,4,2,98.37
3137637a-62b7-4a93-acf0-77ce4057ea81,1,2,149.51
c48efff9-967a-462d-9c12-0d301bad1e45,0,4,115.31
254e6478-9148-408c-aa1b-561971167681,10,3,165.65
c313565e-263d-41ba-aa17-c36562e2858b,11,3,203.94
ce843f62-3424-4a8b-a160-63f350713bac,19,1,25.98
53b7e7c0-7a0a-4d44-95d0-4a84059bb46c,0,1,51.43
96957ec4-6701-41dc-b69b-98ee5873a0aa,4,3,179.79
c794387b-e65e-482e-ba5c-c8cb8554bf53,1,2,225.58
f3396472-d069-41b1-a392-13df996567db,0,2,74.94999999999999
aa6a62cc-6a59-4f49-b0f2-db22e941f119,14,1,22.94
8c3cee34-d116-4132-8c99-7728b2f223e6,16,2,56.83
77552cbe-b96b-4c8f-8566-65e73149b1f1,3,2,109.91
a8569035-728f-4f0d-b546-240811cbd7f0,15,1,91.23
c8d76c71-9a8f-45af-867d-40896651e273,0,2,41.19
980b0af4-cf7a-4a9d-b657-3e2dda34cc7d,6,1,22.94
39ba364a-7501-410b-b6aa-6a672e401b80,0,3,155.72
18502bdc-c498-4477-871f-7245000613fc,1,1,251.75
7d6cd2c9-91f8-44d0-b3ce-1aed60aa1391,9,2,238.02
2db54ef3-7604-4b56-9033-2f945971140e,6,3,193.92999999999998
a6ad0a61-4f51-48d8-aed2-513f658e13fc,5,1,8.22
8064ee9c-dccd-4f85-be90-335c67ced6fd,11,1,15.05
36fe99a7-7b71-4a92-9b5e-cb087c69418d,18,1,15.99
d7440bc1-e488-4a80-aeff-dcc74d518fd1,8,3,121.53999999999999
471967b4-9031-4cb6-9733-65b7e76a4ef0,8,4,1010.34
4a99542b-08bb-48aa-aa64-e1a92d2451d1,6,3,322.57
02df4830-151f-4ff3-ad6d-8ce5618f5d0a,8,3,145.06
d8f975a6-090f-47b7-a9f7-7e24ae86b4e3,10,1,18.97
ccd19eb2-2a8e-4695-93ed-3391ac809f1d,11,2,122.66000000000001
4d667ddb-ae0d-4670-b647-0dee3c974ef0,4,2,199.74
ee767da7-7d28-4a42-920f-be2f35b2814c,0,3,66.73
d5c1fec1-84bd-47c4-9b4d-edee65c2aa2e,92,1,99.99
c485ef36-85bc-4f1d-8a9b-50d8010df62f,0,5,432.15999999999997
ab293f84-58e7-4776-8d62-b3310279c84c,5,4,170.65
30d69bdd-3229-4a3a-886c-bd753413ae50,2,2,345.28000000000003
3b7b1367-19dd-4811-8917-c1fa001e8627,11,3,86.22999999999999
706b9865-197a-4cbc-863d-85552126ddd4,6,3,156.53
b2266b59-6271-4aa1-be0d-60106f3a118f,30,1,96.44
fcd10f97-bbf7-4e14-aac1-6c20a83df721,43,1,35.89
5d6aab9f-60d5-4456-9c7f-2110a15aba07,1,3,41.769999999999996
99746886-6f8c-4e6e-bd14-01a1311405d8,10,2,2764.4
4b39aaba-4f23-4a82-86d7-8f3f04ae1abd,1,1,23.13
f064b4b1-2504-4f72-8333-b71f6e36258c,5,2,80.26
547b17d9-9e0a-46ae-9228-5d6e1cc119d2,8,2,87.03
9d7f0ab3-07e0-4fee-8514-bcf145c332a5,1,4,286.53999999999996
85a2cc1b-2480-4a69-bb90-f5263a02f067,8,2,161.71
04900ab0-3eb9-49c5-997a-a421c115a4e9,0,5,404.55
afbc37cc-be52-4f1a-afe1-25249217a675,5,3,136.51
606e0b85-6f6b-4420-807c-673d4d9ad727,6,4,260.22
f51dbba0-3053-4809-b218-b1257d65a2fe,0,2,112.32
5372da95-ac21-48a8-9b45-c4b88bf9852a,6,4,216.44
01351ad6-58c2-4b80-a97e-cb6e5760a3fe,5,5,250.99
4c4efc65-7985-407f-9cd5-814dbcf1b8a4,1,1,19.97
98beb308-ec5b-4d59-97ce-2fb2c3df3223,4,2,98.76
0a2d8ebd-d21d-4ffd-abfa-da7b0fcb8c74,4,1,19.39
7c0fc86f-6add-4a0c-a0dc-0e0e484c24e8,26,1,49.96
e25f42fc-320e-4f57-88e0-ddb905eac659,30,3,422.14
780063e7-aa20-4092-af03-e12c03673451,6,2,37.66
099f0a63-3d1d-4aeb-a5a1-4d950a14f27d,19,1,26.02
db64d369-3366-40c2-a574-f2e7e77a1241,4,4,195.84999999999997
dd71c3c5-a29b-4c41-b0a9-d72244bc578b,19,3,132.77
b7fa1ae2-7331-42be-8655-fbf3887f4bb7,2,2,42.97
0727967c-63c5-4937-803c-b812b0211a98,10,1,192.79
aa416654-20b6-430e-beec-23c8a8269db1,3,1,382.92
5407f3b7-01a3-4ef8-a35c-df79bbcbcd24,1,3,300.88
96513fe6-e3d7-4ff0-a095-9baead328f02,8,2,47.45
b587d2d8-4fb4-4c11-bfca-1a5be65173c1,3,3,278.83000000000004
acf1f389-c1cb-4093-be31-4027a7b706dd,0,4,323.53999999999996
33324d34-8fb9-4b54-85ad-27f2d534c2c1,16,2,79.47999999999999
21eda034-da05-466c-9380-fc1992bfb08f,2,2,96.53
93aca9c4-4e28-4959-a6d8-d1989bf82826,2,3,250.78000000000003
ea132e52-0497-4de6-8bd4-570a5e16a632,21,1,126.96
7126b19a-2357-41bb-918a-d2dbb912ab01,21,2,85.30000000000001
370f9581-cb69-456d-9045-a0bc1fbb24d5,15,2,183.18
17af013d-554f-4118-bbe6-04b4a8aef2de,16,2,412.65000000000003
9e4a99e8-baca-4ba7-8a35-3ebfd6b403f6,23,1,19.66
ad05718e-afd7-4c6f-8aa1-ad2369337439,0,2,49.44
94b5c760-a78a-4f5a-8eff-980ff3c9ed0e,1,1,39.11
6a657d8e-e411-4e83-b1ca-817ae3ea2c51,30,1,20.1
47280cef-8209-4679-a655-ce7428a5365d,7,2,123.69
183d4239-a0d9-408b-a440-15b8365511c5,25,2,97.44
35e79ae4-26f3-49bf-9440-31c66f9ba255,6,3,104.2
dcfed8e3-1bfc-4960-b58d-921e5839191c,22,1,24.9
e32fb77c-13d0-4ea5-b4a6-81ed0c8b70f0,32,2,228.42
d5e83c91-4d2e-42d0-8e5a-a8e0b2d96de4,6,2,126.69
7487a9e7-aa33-49cf-8302-3c0b3da0e519,21,1,53.59
ac24b2d8-3f13-4b63-95de-4bfabda66162,7,3,213.13
e72ef94e-4a7b-4026-bcfe-0b48c2c3309f,8,3,486.92
1cb8b896-ff4a-4600-940e-4d2f59e2a5db,2,3,99.37
2e805907-9130-4757-a3fc-6c1059bd05d2,21,2,70.67
add5bc75-8dc3-4506-8013-6de6f24b602f,19,2,61.019999999999996
4de148ff-7960-41c8-93ad-a9b66227a46f,7,3,149.01
f30c985a-30bd-48f7-bb9a-298284b3fd4b,23,1,52.23
5686f134-89c7-4b83-ad2d-e787f3fb6aca,8,1,33.5
878bcbab-6ffc-400c-9c3d-6febaac97a76,7,2,130.84
ebc645f3-43f5-4303-8ee9-7f89a286e842,2,3,204.78
a2a93e27-7863-45bb-a211-911ec863023b,3,2,65.59
3408c37c-c0d1-4828-8bb7-42511c0ae378,0,2,98.71000000000001
be89bdb7-82a4-4df9-aa8e-7fe22fba59ad,1,3,269.08000000000004
7ca14ed8-bfd9-4e88-b486-92e7f27599e0,16,1,50.23
c0818aac-a54b-44d2-a408-5b0eeb3906c4,5,3,152.76999999999998
6e1f5900-9de8-4481-84a6-5489d2908130,6,2,590.65
137fcb25-e3fe-47e3-b561-f509de97c889,41,1,17.98
33ec6e5f-8550-4b0b-bb44-9991843f4c7c,6,2,61.81
a69b7440-f338-4df8-acf4-8e4d306a103a,5,2,202.38
5f68a118-088d-4d81-8f33-a54f01387f25,1,2,813.9100000000001
c28357fd-54ed-4bd9-85ef-e67a48dd53a5,7,5,802.97
2b38cc6e-9967-4cad-970b-cd8944dc2331,14,3,101.96000000000001
77b37590-0f34-45ea-8208-07e8552dfc38,3,2,55.7
b5eae007-4550-4dd0-97b6-f24817d914d5,34,1,228.02
b5907f50-889e-4d13-8972-0fc2802f4e5e,9,2,50.86
f04c4f45-af58-430f-81c9-fd2dc3080879,10,2,308.21
d6b8c2d3-8d3c-4833-8870-bab2458f1959,3,3,171.06
3c3c6587-73cd-418e-85e7-5162d37b5b22,49,1,25.87
be3bfee6-eac1-4c61-a394-f487a8ff2086,23,1,56.52
389ae9ce-7cbc-4696-accb-115714c21bc5,5,1,29.24
7a410ecd-5ba6-4dd8-8a01-05e5a95a2332,8,2,120.33000000000001
fb07112b-5223-4e73-9ef4-703eefcca15b,16,1,59.82
e2fd4d5d-3add-4280-b2ef-0c709eae9827,6,2,148.74
b3d3a8ee-2dc0-431c-8c6b-c7cdb425fcc7,11,1,284.94
2905f432-630d-4aaf-96f6-6f361b0efa88,0,5,731.73
35f3c8f6-f472-4b5a-a587-d7561741f2a7,2,2,193.12
c2ed9452-4cc0-4093-a2dc-194e25bdcb6d,25,1,23.82
a292d770-dc80-4d7f-b09b-23b2ff64ea48,12,3,689.74
7c41e1b4-5f10-4a3b-b78a-c95ca949ca33,2,2,38.79
16b5a293-e6e9-4a2b-9c90-b4761d63dafd,23,1,17.29
61cb8120-5b63-40ba-a30c-70906f1d706f,2,4,287.87
db070bc3-f1b0-4080-8591-eba9ee8d6386,10,2,70.06
31e0ffbb-e303-4a05-a4bc-2312a9f1ae32,1,3,90.56
c08f8afa-073e-431a-aab7-b741c0b0074a,1,3,119.43
4dad1fcc-ffc2-41ca-a169-3004b61bc25e,2,3,108.58
9992fb74-d973-418d-8060-5cd881e12989,2,2,72.6
0cdf1a8c-9680-423b-8dd8-32e2e6d42bdd,2,2,70.97
b711939b-707a-4ca7-8034-4c4eb782c6f0,0,1,45.98
dd94b1d6-c64e-4512-8f1e-61a5a117eeb3,10,3,535.92
8628f402-0853-4c95-bd81-493bff54c8c8,0,2,74.68
66e5957e-976e-4f3b-ab91-9055b54efec5,12,2,114.59
55deb8ee-d950-449b-a4c6-ae6a529b1068,4,5,1188.04
927dc61d-731d-4703-9488-fd5773969c14,26,3,179.4
a234e754-ea7f-4dcc-967e-a04f8f143f20,83,1,86.31
3254b2d1-a641-4894-941c-f76dc59cb11f,6,2,486.61
201663bb-4a6c-49da-904c-7fdeb968d1ac,0,4,117.72999999999999
a8e31a6e-11ac-4dda-ab0c-d76d5bc383c0,3,1,85.66
76db2c29-2e3d-4e47-afa0-d279f559d431,4,2,109.19
018835a8-5338-43a5-aa20-ae5ba57dfbc4,15,1,171.93
e5ed6f0f-7576-4776-8ce7-b15899d9cef2,7,2,199.29999999999998
25971a54-c378-4a23-a7ae-5116ac7848fe,1,4,162.74
53f01c2f-75df-417f-8e41-ab3da57e32bb,49,1,21.81
a721d418-9454-4881-aa4a-7d8904c9fe8a,30,1,135.69
f5934136-1ea7-4a46-8d31-4645770e88e1,34,1,1151.68
fa901f0a-8e1f-4e47-abe3-94cd2ca13afa,33,1,24.71
94fa6af2-0ae5-40d5-84da-8f712d83d8c7,90,1,63.33
2c79aed2-f719-49ac-abd1-7106e5f0cda0,25,1,20.02
0e1f669f-16b4-4694-abce-97928d1ae151,0,1,34.8
46fe2a83-cd84-4b28-a2d5-5b818a1fce33,1,2,106.38000000000001
aeaeca70-24b4-4519-a822-28c11d0cf006,4,1,51.69
f655a642-be70-4ce1-88fe-b83e1978aefd,9,2,47.69
a9e0a604-ebe9-4cb8-9a5e-f47c4d3e24d0,39,1,60.65
4d654340-4915-4650-bd4c-6415f3e0b1bd,11,1,36.35
43ea8946-8792-468c-8bdc-4d57006bee76,28,3,234.43
6515228d-e519-4205-b56b-eca5d39153c9,5,4,375.35
c59197d6-8405-41ce-915a-9934e258c7c3,2,4,290.28999999999996
051857c9-36cd-452a-b3f9-c314b64e0da6,0,1,27.94
62321e8e-8e5b-4960-a2d9-5d269118c0b5,0,1,13.11
1c0ede13-7a52-46a7-84a3-6546296a84f4,2,3,83.4
39bdb301-83d9-4816-902d-db9171e77cd3,8,2,67.03
ecb37dd8-b850-4fd3-809d-eb77c71e832d,13,1,10.98
49775a7e-111c-4d10-b977-f43afb368de9,6,3,547.7
eb4dd1e9-fe66-47db-bfbd-51907092ebe9,5,3,148.23000000000002
628026aa-3370-4883-98af-1f52f83eaf7c,6,5,432.14000000000004
49fbf413-e733-4349-b998-beb883619f4f,17,2,230.48
831c511d-2380-4b98-83d8-0d7112282d14,31,1,57.46
6c6583da-75bb-4b52-b219-c2b4815bdabf,2,2,259.4
4af885c0-ba60-4777-b313-83cfca6f6f22,17,3,555.7399999999999
5bc1f796-cea8-4ea4-83bd-fc4f1b292a6f,3,1,46.73
87f3d7f8-93ad-4ba3-9be6-52aa81b226ce,7,3,256.69
92b833e8-9bea-4a92-90b7-d04df96fcce6,14,3,84.15
05605b6d-609b-4648-856b-f2983294d31f,51,1,65.91
0a90b9b3-b6d6-4c79-b3a0-83bb745fb1fe,13,1,49.11
db74b1db-bdc3-4ed5-bdad-80c5cbae552f,0,5,269.47
8f45db36-918d-437c-8287-460eb785bd7c,4,2,155.9
ed6e38b3-6db1-4b77-8d50-241afd281421,11,2,49.76
bd7176dc-a446-4856-b5b5-2df57094d552,19,3,164.91
b11f567f-b2c1-4a7f-90bb-50e3df7b23a7,13,4,253.83
2c3f9c5a-4ce3-468c-8065-3c91f66cfc5d,18,1,152.99
7dbecc31-edb6-4eea-83ac-caf631d93bc0,5,2,79.43
1f41d126-0b11-49ac-bc5f-494cabb22d1a,11,3,731.59
05e8f826-ee9b-41ef-b033-42c417fb72e6,5,4,486.65
99f57ae0-58b5-4e07-8a37-d3609e21d764,14,1,34.06
aa759add-55ae-4361-a968-f46f32e1fca9,0,2,990.01
3f6b504b-e2ad-4c49-b244-92826c8cf2bb,2,1,54.18
43ec4610-9497-4011-b100-031952ff195f,8,2,25.85
54c7a705-4e75-48c6-8562-960c456dfc04,1,1,19.01
0b4f2ade-8463-4c72-be8b-d24305c51ee5,7,1,19.52
538b8780-cab6-4dce-9beb-46e8030ff577,8,1,42.97
1bdb8793-ec55-4456-89ec-1ab40c8cbc92,10,1,31.91
87261187-24a0-411d-94d7-7f9bf162def9,57,1,71.1
e0f041fc-963d-40d4-aa15-7c475d084413,2,2,71.45
33417394-2d2e-4202-8186-b18ab1a96fa3,12,4,162.23
ed47b664-acc8-4284-8c1e-19fd6d7274ec,20,1,42.58
d32ba4ed-4d9b-4ef8-ab55-99cb16d05035,1,3,72.87
2ea2edb2-67e8-4fc4-aa09-a5c51e31900f,21,1,59.64
fe98336a-49cf-45d3-9e95-fd488e4b7253,0,3,53.97
1f015f6a-0bc8-4297-8d7d-5136209348da,9,2,64.31
1a05c459-8166-4d2f-9342-39d6adeac10f,8,2,82.71000000000001
4f02d559-ddfd-4d2c-ae3d-f2e2a08b547b,7,2,64.78
bb351e43-b541-4913-9062-77605991ee07,6,3,90.86999999999999
f43c1474-21d0-44ad-bdc2-900c2f4181fe,2,1,43.99
d0cfe4f2-5149-4922-9625-554524fb16d8,1,3,366.36
9cfe129d-e0c7-4404-803e-d177d2fbcecb,4,2,64.37
965a6f3e-7214-4eaa-9617-4c045a189695,14,2,91.67
ecb6b4ff-c2a0-4e0d-95c9-fded3fd00c13,22,3,63.45
cf813bfb-4f2e-472b-835e-d9a861861f0f,12,2,78.22
8a4c1271-0a5d-4479-a3a7-fffe529572ae,48,1,81.39
3508e56a-4a7b-4d3d-8a87-d3591ea8fc7a,26,4,195.45
77c36a4b-057b-4a0c-945f-9735bf20b0e2,0,2,55.870000000000005
71409c14-86e7-4d70-afa6-6399c5a803b7,21,3,79.62
3dc2fdf4-dc80-440a-9967-5114b1535359,8,1,39.79
7734cc30-bc09-46c5-968b-754578703b79,4,2,60.0
452e4751-9394-460f-88ca-802d483514a4,1,2,117.97
d3398fd3-fe81-49ae-8e11-c19136b5572a,7,1,14.27
9b40bc1c-bc80-4eb5-8e59-561f860b0160,0,3,60.72
4763ac1a-0eeb-4890-8a38-92486a0a6037,6,2,37.67
c0369c63-d4dc-4eb6-b6d8-d817cc3d764f,29,2,84.6
93f4f569-78f1-4bc0-bf71-7a1fe5806b82,6,3,126.44
99de9fed-5b35-44ca-be4b-7fa93a5b13e9,108,1,20.26
53af57f1-8b61-4b25-acd1-a976e3a7c421,0,2,89.78
9d6a43cb-73f0-4c0e-97d5-e80a8cc352da,0,1,32.24
1bc715c7-010a-4a67-beaa-ce04ea0d1f2a,1,3,254.84
33f10b51-9cdb-449d-9ba4-4dd29ca33d3f,13,3,209.59
4d2215ce-bdde-4365-bb75-914ff4e007eb,3,4,276.45000000000005
40ff7754-bf7f-4dc5-b41c-5164230c2835,28,3,205.97
5f7d67be-5987-499e-88bb-f7f96aa0d924,0,1,30.3
6bea39ff-bd9e-49e5-900b-75c6576627d8,6,4,450.95000000000005
287d7a27-d253-4331-a2c6-dbf0ac60284d,16,2,66.65
d9f8608d-dc9f-48f5-ac6d-6ea6caad3bb5,4,1,58.76
b4df57d3-4a2a-41ba-9d6f-0aeef07e348c,1,2,117.9
ea8b684f-0164-449a-bb2c-8d4bdd647774,20,1,53.94
52a5b45b-e3e0-486c-b5d9-b8896dc9a000,10,1,53.55
d4f274d9-7881-4b75-8a3d-7aaf353ca19f,3,3,398.98
d85dec68-8415-4d8e-b5cf-074af21e6c18,8,1,14.88
b3700e0e-9d5c-48c0-97f3-bb413af9e360,1,2,101.02000000000001
bc42d186-2773-4363-8e08-9cf9b50a453e,10,3,103.13000000000001
51befc8f-a3e0-4115-b3d2-a5f9c98f3d5c,9,3,497.71000000000004
41c40620-4cdc-4ac5-9ce0-8fcdabcb2ec7,5,2,42.980000000000004
3971a6f4-1b4e-4709-880b-f86724616a96,31,1,136.49
9ff67da8-0bed-4621-bf33-56b0df2cb0b7,6,3,1289.4299999999998
720b07d6-0f97-4baf-a143-6237b2038d48,20,1,71.76
96cba1fa-c6d3-48cd-b005-989395b69b51,10,1,47.28
1b128822-d954-46a5-a067-f50935452e7a,13,1,203.82
b860c1f5-4fd4-4a54-8cff-e40c1df619ab,21,3,152.81
4e580be5-4216-40df-b43d-7d525a1cc0b5,11,2,36.8
fcefd8a5-c3cb-4d22-8f05-3ca3a65f1779,5,2,76.44
abc58130-65c7-4ece-a137-ee8f1eb108f9,0,4,215.17000000000002
e4263a23-bae8-451e-b848-f9edfd6ebb86,4,2,233.29000000000002
fbd99021-d928-4999-840e-416e25f3b445,37,1,47.09
a5317108-a810-4c4b-b2e6-d5e830349918,5,4,231.85999999999999
c85b397c-8b7c-405e-bd69-d0f663b3dff8,7,1,48.15
ec6569c9-1410-4fd8-b91a-36dbbc61c866,2,1,61.94
c245c65a-b55f-4710-92dd-cb5ea677bc89,11,2,116.56
aeb336e9-a580-440b-b5cb-9a78e056b856,11,1,25.94
d7f7ec56-7383-4d7d-b227-90053b774c13,29,4,575.85
8a71f5f6-e4e3-4b22-b810-11a20109224c,32,1,43.23
d660643f-6ee2-4233-bb28-fd28d50dbb75,11,1,53.93
809ab0bb-c8db-4643-a2c1-86ae295dc452,12,1,79.35
5fcd444b-5a5a-40a2-9021-a087a9034520,9,1,20.29
ee74c7d6-3bd8-4b80-b5e5-578bd105c044,0,4,392.28999999999996
5ef4bb9c-9166-4f97-bcfe-369758032d1b,4,1,101.58
821140eb-3971-456d-9a32-23bbb3d35bae,5,1,27.98
f9901dc2-2757-4726-8947-d3b61cb06abf,13,3,115.85000000000001
a9612b14-eb47-4c25-abe3-40381eaac02e,29,1,27.82
dd9b2708-bcdc-4586-8e2d-125e6f0778e3,4,3,106.85
aebf875f-3d72-4ea5-898e-37944e1946d2,46,1,91.58
cc1771c1-c1a0-4f59-9445-cf9446a0b7aa,1,3,125.16999999999999
6a2bd048-52a3-419f-9e89-c9a22a31d5e9,6,4,588.78
a04cfa8a-4e6a-49cc-8818-01cd4bd28f65,9,2,155.16
bac4095e-9e5f-4c97-a595-04971919c932,16,2,67.72
53cea3aa-15c0-4686-91c5-66965b3806bf,1,1,48.67
96084cca-4e14-409d-a938-06c850881e4d,9,5,1510.1699999999998
906beb5d-c882-483e-ae60-c55a014a7546,5,3,220.21
25a39ce5-f05f-459c-92a2-2bd11aa21d24,1,5,587.03
24146774-1867-4726-a622-cff95ea26621,10,1,27.98
5ab7e55e-50d0-4ec3-9cae-a2b5b7e9ef58,4,2,105.50999999999999
271a6a0b-2caf-4fa2-b5be-361eb251831d,3,2,62.59
393c6238-7963-4839-8bd1-16a8312f7716,3,3,1946.74
ecf2d443-9a47-4733-b2d2-8443dc5e1d25,1,5,222.20999999999998
50dd7e07-9786-483b-92cd-9437843853e2,9,2,212.85000000000002
0b5d25ae-0835-4f2d-9f05-99fd8d25f332,54,1,11.15
64dd764b-56a1-4e67-a398-d3162c635a2c,4,1,54.96
0f6b65f9-41f6-44e8-9ee2-9d1aa952bab8,1,3,365.6
2f082541-1f3d-4f7e-85a3-f0eb6a773191,27,2,84.73
761a8ee5-104a-493d-a455-c854c02ad01e,1,2,748.99
b39a32ea-8102-4cde-9236-2bc612253c0a,26,1,31.83
6cc08b22-54cd-4a39-b52a-7d92a0bf6ccd,22,1,18.98
41202112-1b8b-4a45-9530-fb92c5e82ef7,5,2,73.6
15d99e84-dd3d-4d1b-8f2d-e8d4ed4df9f2,0,2,132.32
41fd177c-0b1f-4bd7-b5a2-d4362af8722d,16,2,40.5
17732fa9-9028-4cb0-bbb6-598593881fb0,16,1,99.31
b47679a2-f9eb-4e79-a8c3-d23a7831f0d8,10,3,103.45
b0b35acb-81b7-4689-b1e4-7ddab922f89e,0,2,114.75
524306da-d38d-4eb4-81f0-8f6c4bbc9bbd,4,3,106.07
c439a5a3-d541-44d0-9526-0bde621d3634,5,2,29.0
8633c3aa-d990-431c-b15f-9719eb07104d,14,1,96.68
b317e765-3d47-4518-bb9a-ce31707b599b,1,1,629.0
e50a1f8b-711d-4686-997b-5d5d6298edb3,4,3,144.18
ef6fb457-d041-41a8-948f-c94ff7ab213b,3,2,125.36000000000001
9a037ddb-116d-4e16-88d9-cb7e1598ecfd,2,3,229.07
b66a6d5a-c770-4216-aadf-950ef0fdfe71,6,4,194.1
91b39795-1968-42b1-9e1b-d86fa52dd217,5,1,32.49
80cf65b3-ec28-430e-a3e2-0121bc231b4c,11,3,383.2
0085ffc0-fa36-494b-9733-ce3fd42d1f17,15,5,220.77999999999994
11bbc8ea-bf6e-4916-81a8-b2638f330e5c,13,1,55.67
6ee68f20-3779-48b1-b790-33f2b43a27e1,12,3,153.62
7cc50237-76fb-4ce7-a7e1-90b5419edb2e,6,2,35.019999999999996
8f51ce2c-0c4d-4c39-8cbc-883e86041e48,5,1,38.99
780c1ec7-21ae-4c8c-8be5-6af1864fb9ed,2,1,23.98
2725b210-789e-4277-8cca-7b199f379d40,22,2,62.16
0fb647ce-e261-4322-966d-6ddcbdb1e393,24,1,23.94
8162cda5-01db-421e-a82f-89e8af6196d6,4,2,45.96
4755e99a-6c5d-41c6-8672-17bf518db85e,43,1,23.14
68d00abe-a38a-4d63-a624-074c1161125c,0,2,238.67
86355b3c-1e8c-4720-a541-0a3ad32419b3,4,1,25.89
939fb5e5-7708-4161-9b4c-c6b5f82bb7f9,140,1,54.66
1e3b9263-e8c2-4f60-bfef-29f9f19691d9,1,4,85.14999999999999
d5555ea9-3d9d-4dcd-9965-3058a02493ad,10,4,285.03
bfef6927-0846-4988-a565-fe01e51f463b,5,2,253.14000000000001
41bad251-ed46-42fd-a9a3-1467f6dafd9e,12,3,76.33
7c1b3424-af47-4e4a-8c2d-2938f4b9b877,2,1,39.97
e00a058a-f5e0-4ca1-9f29-1e0c487d21f9,14,1,21.99
eaf96c16-721a-48a9-aa22-1734a8e0314b,9,2,72.81
fee7e2d2-275c-45b8-a157-1d3c4e98e828,13,1,17.32
a9759673-966c-4bf1-9a52-020bad3e2c2b,4,4,168.95999999999998
e95c21d9-240b-4d58-8683-5505e8fea950,51,1,59.26
72cf2d63-1112-403b-a211-14805bbc773e,0,4,248.87999999999997
d2eaaa4e-b356-493b-87ea-4049596f3132,0,2,38.339999999999996
6e74c3e3-e065-46b7-b456-39a3d0813ddd,0,3,155.34
bf541624-954b-4bc0-93e8-76126e722078,2,2,69.22
25248de0-c18a-4640-899c-a486eb7f32a0,14,2,42.39
17c31503-efd8-46a9-aaaa-91a443b3a202,2,4,131.7
619ff7a2-464b-42b3-b0c5-f8a1b9b876ca,6,7,1181.04
1af04b27-ba4e-498e-a1a8-2f64e76429eb,10,1,27.98
5b065f06-bb6b-4c94-9a57-2cbc57b3d30b,5,2,119.46000000000001
5896215e-54da-4c0d-8272-245731d7d378,1,2,149.91
9888cf67-b550-48f8-9e37-784fcb028ea8,6,1,24.71
25de362c-7ec1-41db-a27c-cf3f88dbb205,1,3,79.74000000000001
22254b95-9c17-490f-9f1c-857b1371830e,3,3,202.67000000000002
dd3acbb5-af38-4d3f-b450-fd86d5a4b00f,13,1,144.66
d528afb2-8927-4615-ade9-714f367167f0,1,2,201.47
8e9a5c2a-8e4c-478a-886c-214155d1e54e,16,1,41.94
d1c4a6b6-3213-4502-9ef8-a1a6e94b066c,0,3,205.17999999999998
2669033a-c1cd-4f9a-a3df-84b576eff863,0,3,86.9
ec02e89d-ed37-4503-9e52-952f1210bddb,4,1,50.43
361754a9-f84e-4f8e-b751-1e4741aebef2,8,4,393.48
70f965c8-8a08-4b1e-b20b-a99e916593a8,34,3,414.22
4d3409d3-dddc-4d33-b9d3-c4441997bdfe,11,1,32.23
e4c6a4e5-00e7-476e-8404-d069b8852160,2,3,86.66
f5b60895-be6d-4af1-b731-7a59fc17fefc,13,2,157.78
4fa75ffb-dfed-4a9d-817e-1574811aab0f,0,4,920.2
8e620cb7-482a-44e1-8725-9d2218f86e6e,5,4,182.14
aa71417f-9094-4c0a-8a1f-f1b60e892516,5,1,35.98
42881048-3b29-4597-a2b3-05fd0ac004fe,6,4,436.22999999999996
cd5d36bb-0882-4f24-86b3-95aa645c663c,9,2,63.47
a8a2a6c5-3b1e-423a-988c-67d8b707be7c,3,2,162.83
2e80e7b2-eb5c-44a9-b725-adb2376fd13b,22,1,284.51
c829f671-c7da-4e32-b3ca-f877b8316c89,35,1,29.97
8cb354a0-6e57-49df-8f4d-9e375e3e74cd,12,2,97.03999999999999
d65deab9-a4bf-463e-a037-259da3463093,2,3,155.14
6d8f6c10-5c15-4eef-8610-0a83d446da83,13,2,90.18
20662ab1-52c0-4ee9-ae77-fe9e10ca156b,0,1,44.87
94e11c22-e9bb-4ad5-bf9f-3d98f487ca37,2,2,73.06
eba6c047-7672-490f-addb-15c22cc4d0af,23,1,20.19
9dc207cb-00e1-44dc-8d67-f336542cb98a,11,2,40.379999999999995
95c7bc9c-9a62-449a-b9d6-012b2b2d96ef,23,3,82.62
72210e86-44fe-47bb-bde0-2e52ae3b791b,1,3,120.71
6e607512-0722-4539-bee5-3b048a6c82de,5,4,426.99
5f23d90e-5d64-47ca-9153-dd2e3749e5a3,9,2,56.11
fdded097-2a04-4c7d-a0a2-82240fbbfe37,32,2,156.41000000000003
52152183-ecf9-4c88-b7ad-e4db1272d45a,1,1,29.52
ef00fe69-e612-40d1-8bcd-850404b563e1,0,2,156.8
c7f9896e-0eab-4163-ba04-468ba8568683,4,3,195.98999999999998
9f3232f9-5dd6-452b-a1eb-656ac2b1dbf3,5,2,104.42000000000002
6bbcee40-26da-40f9-a9c4-52f0809869b6,8,2,159.7
e7edf546-9cee-40c0-a7d3-4f7e7c77eede,25,1,19.76
91288f1e-7c5a-4d66-abc8-55c66108d236,9,2,119.4
6f932955-9765-40b4-89ed-b06a559a6e7a,17,1,42.83
d7db8a16-4b59-4e7c-bd21-b87b8e95e96c,4,3,128.93
c6074d9b-e402-4708-8f5e-f32f6a123208,14,2,81.34
ff5db664-5801-433f-95f8-47652b0d8c48,7,2,86.89
588b0144-67d2-420b-bd9e-af8ff5f29a44,6,1,44.98
a5c1a341-9362-4f28-9a87-4e79649c5cdb,1,3,106.86
bdc7771e-6368-470c-891e-ede41d8a52f3,26,1,22.62
a44bedf1-77cb-4a6d-b803-f5950aea2a88,2,3,89.02000000000001
68f7b16e-caba-4ca1-85d4-4f0e157c8520,6,3,77.51
1be4ac43-7037-4576-8f73-571c7bdec832,1,2,228.53
a22a617a-58ea-4056-b702-067d11553682,36,2,137.63
c513fa8f-8004-4f33-8b35-1697bb946269,5,2,115.25
2879d1f6-434d-4bf6-a3c8-3d74d0f01ea6,4,4,302.27
0ae0220f-9708-4621-934c-422cc32a4f2a,0,5,143.85
580b34f2-0cfd-4a9e-bf1e-8015bddd33b0,1,4,172.44
deef7615-314f-4ed1-bc3c-020138333b63,3,3,108.78999999999999
f24bb22e-c859-4e67-8422-d8e45231caec,16,1,56.03
9b0da3e6-155d-49f1-89a8-293e88a7e43c,113,1,30.94
86758b39-9775-41c2-a57b-d61539335d93,8,2,55.91
f0e049bd-286d-4566-8b7a-cdcdf319e622,4,1,358.55
91af496b-8655-462f-8184-45941ead14ec,4,3,98.96
21e6ac6d-ed11-4a86-a7de-37b3ab5a46bb,21,1,74.84
823c415a-acb4-432d-b86e-4597327afa77,18,3,208.06
f8865bf4-c266-43d3-b984-f3d666839f13,11,2,615.62
457af50f-2424-4f1a-8c47-2994fc09894d,8,2,62.38
04800ec8-9267-4571-8474-5b62673016a6,6,3,374.27
4471010d-5613-42ac-9246-fd660c578929,13,1,354.89
f317c7b8-17d5-4475-ab7a-8c49bfc032fe,0,3,127.05000000000001
63d53016-d49c-4a38-bead-b09521bc3087,32,1,69.99
333d0c51-4f4e-425b-9f9d-5f807cfb2ae0,1,1,60.16
7dfc1b52-91fb-4b28-81fe-be6519be7e09,14,1,41.99
fa2ff7c5-7030-472a-aa3a-5c146f2b17a5,0,1,32.49
9670d544-e340-44e5-8df2-d8a08ea045f0,9,1,25.99
1f2674d9-6f80-4790-b178-55907e18ad3c,4,1,32.91
2a3287f6-8f07-4891-a58a-b8712ed1d1b3,9,2,221.29000000000002
d72ed570-c025-4ccb-ab28-77489e56952d,9,2,110.66
6042e621-0962-4dda-ba33-94abbbcf77f7,3,4,182.7
a3d77e35-dada-4f04-a35a-a9b4bd2c972a,12,5,251.04000000000002
d5ce57e4-f927-4100-b5c6-617d674de890,24,3,195.0
baf24510-1890-4c35-b2cc-3fb2d1a15ee7,18,1,136.78
0748c930-9b47-48b2-bb04-bd3a219bdcc1,7,2,123.81
69ec416b-e719-4136-95a0-5ac90de0773c,2,4,154.20000000000002
93107001-2a33-4911-8c36-03c19b85125c,8,3,292.11
919965a0-8e7d-4b2d-ac0a-f960c4e639ed,1,3,202.30999999999997
406d58d6-71f1-4b94-86b8-dbbc59f3de29,13,2,111.75999999999999
70a5ec4f-0167-4dd2-8b13-ff978d77fe48,6,5,341.04
a0dbea48-6747-46bd-8009-debd9a048e65,18,3,89.16
80106210-3941-4144-a1db-f62811f10bf7,6,3,100.96
c104375c-b2a4-4867-ae88-aa77f2a1f9e0,3,2,103.59
5d61a05c-cccc-435f-bdc0-f96dc5c2b04a,0,2,141.1
eccae269-2960-4a18-a651-b753ceeddb45,21,2,449.91999999999996
a7572d14-0f4a-4532-b34b-6bfe1507e607,14,3,922.6
ac0064d1-f8d9-450a-83a3-5052ff6e4fe9,8,4,134.81
58fb3a10-6396-43b3-8cd4-ef463fa94490,2,5,392.5
1d5ec565-e88d-4971-9b6e-1c6c6aeeb608,3,4,390.44
b5a1cb3a-f039-4fc5-92b9-478fa5a09b05,1,3,267.23
c28c2fb4-5f18-4e33-9736-26a854d7a3ef,3,3,142.97
115a9efd-5b86-4f88-98df-5db704c8968f,3,3,220.23
37038d0d-c70b-4b78-b80e-2cead1ab3e86,2,2,50.93
eb75d744-272d-46b3-8372-1a8b5057286c,7,4,443.65
8854c459-cefa-43e6-a940-e9d5ba6ecdcc,38,1,31.4
d1841f8b-4c73-4b51-917e-0240d196fb58,11,1,37.91
c142ac5e-ae06-4bf3-9b29-34dd5f322622,7,2,69.58
a30730b2-42e1-4c91-9945-34e77038306d,0,5,538.77
cb2e905d-1420-4304-aac6-14eab7303ad9,0,2,211.26
08ea1a63-a86e-4cf4-9d40-5cec3de57243,2,3,199.13000000000002
a3c41bf2-a29d-4397-8645-cd0030f1342b,13,1,36.65
82f081bf-ac36-47fb-8484-238a75afaddb,22,1,108.15
7c910d12-32c3-4c1d-8e49-593d908571c1,0,2,153.85
f4dd4f8c-1801-480c-84c6-7f395b014057,0,5,432.32
fb51331f-bf0d-4d09-bbcb-091a2abb1d1b,5,2,318.28000000000003
7e958401-1069-408c-9954-1d246a580758,15,1,36.8
02279034-52d7-4da4-abc4-10dbf9b49cb2,12,3,106.73
be1ad708-588d-4ded-aa6e-d7127b31b425,0,2,106.3
a19e4256-b089-429d-b04e-8f4b31d4cded,30,1,39.25
27eb8b7c-8377-4ed1-a068-cdafdc05491e,3,1,22.54
758007da-0d36-4dcb-81d2-2a2a461344ad,11,4,390.29
b1d8cac5-ec1a-48c3-8bbf-fb1db99420fe,2,1,16.81
8d838916-3223-4470-a908-f73be481e5fb,2,2,79.13
0dcfc7c7-1972-47d2-81de-1570574b6780,7,2,89.05
0d7b81f1-4bbc-4494-9df2-f919b08a7003,8,1,15.71
a70eb5f8-5269-41b3-bef3-e09d57780102,7,1,25.96
6969066d-3798-4b68-8248-fec5a66a413e,1,2,98.19
08cfcb16-66a7-4c82-b326-3bc92b2e1aa0,21,3,187.24
5c517674-9f05-4be9-b1cc-f1bb3d4b4145,12,2,54.32
ff822035-ff9b-45ec-8b80-69282fdc0be2,5,1,104.52
e3deb9a8-6ca6-48f6-b38f-8b104ee2e66e,20,2,374.21000000000004
3b1c7b3d-9d8a-4108-af7f-07056ed947be,0,1,12.98
4ef36576-f58f-458e-876f-9ca5a1132a74,8,2,43.95
7dc4e40b-c2de-4703-b54f-1f8fb9b85e1e,0,4,245.67000000000002
7f5f6963-f37b-4475-99d2-2d051c4b4a3b,6,1,24.98
643fa8ed-b444-4174-b82c-e6670ca87a9b,2,1,10.8
afbfd9e2-e10e-4a8e-9d57-b5ec053a6fac,3,3,143.2
62d8a5dd-bd2e-4c64-bfdb-45eaf8b5a784,0,2,85.19
da3d7c3d-8196-400f-93bd-77fb76d9817f,3,1,70.87
046c98c7-0a3a-4010-94df-701623f0890b,6,3,146.51
8edfa181-aac4-41ad-9b30-dc1dcdb9e6b2,4,3,276.95
3bb6602d-a53d-4c82-ae69-ea2d7cff220d,6,5,136.1
bfaa2aa3-4bd7-42e8-8168-84f3a9596998,28,1,55.96
7c26570e-1636-4502-b086-9be15983613a,11,2,142.67000000000002
7f8fb1a0-5d2f-4db0-85a1-19ab7afed2b9,23,2,88.75
31a7cf26-bf71-458c-8249-bc5375abbb96,0,4,236.87
6af23413-43fe-41e8-9aff-1354313bd59d,11,1,17.98
0abede3f-9695-4f30-97a2-e84a6e03f6e3,25,2,113.97
77ae064d-413e-43a2-9abf-ac5c63440ee3,0,2,449.32000000000005
b9b7b1d0-7c51-4a65-972c-6266406e1cce,39,1,229.83
cfe68030-619c-4de5-b736-df5e16e580f1,17,1,35.26
fe65ffb6-c4fc-4687-ba4e-68893bb61061,8,1,12.37
8cdb2414-a473-4ed1-8d88-da8ed8852154,39,1,65.77
bcbad693-f637-4f35-879b-75ae22d292d6,1,2,314.21
f44dc560-1635-4e39-81b9-a40aa1fc20b7,7,1,45.58
d0cb2b66-255a-4460-ad6a-53921de6f09d,1,1,14.82
3236f536-905f-48d1-877e-da605cd6a23a,4,2,624.97
ba2fae4f-8395-4792-bec8-23d77a44535a,8,2,495.88
e298e507-b3a8-4f10-ad25-da2b750724eb,77,1,12.16
f748075d-b1ff-44d3-86ce-85d1f57e4ed5,43,1,48.53
83e30046-b1bb-4b9a-bd04-631e83d5f2d7,3,2,126.97999999999999
69d4d765-f315-4c64-99b4-76e8019a704a,3,2,80.29
1c96dac8-1438-45f8-8d7b-c860f9d0d8d4,1,5,303.09
0c785c5b-11e0-452c-811c-8591b067a902,15,3,96.30999999999999
3f1714c3-a47e-49b7-8d29-6ba8f14f99e7,30,2,64.69
521e9557-c449-4574-ad44-e5400f7e9311,8,1,27.25
b92e8197-fd2a-4468-a79e-3d5d2a8fb1f1,1,1,210.85
3beee176-b4c0-4a6a-9194-505f404f33d0,35,3,98.95999999999998
1f08612f-8c60-4946-a633-1f369c2fcd0f,1,1,173.83
c7cb0a19-7d67-49d3-9289-8c83676fece6,1,3,490.19
d1b1b94e-eb78-4780-b1e9-bda6b922f861,12,2,53.79
c787b777-a833-43b9-b05f-fe054e656b57,0,5,185.91
60c75771-6e4f-4072-aca9-9f18fb350924,4,1,24.07
cc269c96-1a1b-41ed-b89b-0db6174d58dc,64,1,33.6
66df664e-20d5-4bf2-aff0-f3eb7d8f1755,1,4,308.18
3266a029-305d-4630-b6d3-4612114c7246,3,3,165.7
a6c955a6-fe07-45a3-8178-07122feb08b1,13,3,85.89
032d36e9-272b-4c3a-8326-8fd84d1752e4,3,3,179.7
9f5950f2-b55a-4223-8713-750b01fe4ac6,2,5,227.08999999999997
9e2f8b6b-80f9-4f87-8d91-72422a9146fa,2,2,130.25
ddc4f417-5bd4-4f43-abf6-41f4dddf9299,16,2,150.81
caaf6d20-5853-4828-964f-1b858b570873,5,4,255.92000000000002
31fb4509-9ccf-4ef2-bd15-f66f2346d2ab,11,1,15.26
fed2777a-5998-4d7a-af92-730994c5dc75,21,2,168.89
23d293a3-7304-41f2-9b9c-7003a9d058c3,4,1,24.12
bd550104-70fa-4566-adc1-76b070f9f689,67,1,65.77
a85d2d93-f213-48d5-a841-8b3752a75fed,5,1,20.98
cc07daab-6509-45cf-b043-798cc30d8843,7,1,135.83
f851b1c2-b9ba-4509-a8d2-f6c66b9d2793,1,1,57.5
c664d25c-9e68-40c2-ae4f-b4201ee3905b,38,1,35.37
4997dffd-0996-4c64-a8f2-addc94f76463,3,4,155.81
82b5ed65-2ae2-43d6-80ae-dc921aed8edd,19,2,137.82999999999998
6c4452e1-5581-4272-8543-708b8b36f9b3,15,3,110.52
228863fd-23ae-4e2a-a982-b7cc2b422343,2,2,247.37
73b212e7-5c41-42de-adb4-408dd789fd2e,16,1,74.15
6c86b5ed-d5e7-4cae-a7e0-bff26c232d63,0,3,519.87
1b1a5efc-1494-43ba-b1bb-8908bce518e6,1,3,112.59
6d2bd973-ad65-4650-88c6-331c0d2bb730,65,1,25.48
766658f3-894e-44b1-82ad-7a249896306f,6,3,159.83999999999997
177fe8a6-0ae9-4443-a3c2-806b87011b3f,1,3,111.78
74fd2b67-3eb4-4519-a760-30969e9340e6,0,4,320.47
b1d6e16b-4b26-48ff-9d7c-fb085bf012d9,6,5,736.34
8251a576-99ad-4034-a117-1d6d62312549,29,1,43.81
edb40fa3-994b-4715-bbf2-4f1f8809cbb0,0,2,84.13
fd64c5fd-7691-4d0e-99e8-a72dd00dd297,4,2,45.92
f9fbf63d-4060-4d7d-939b-7165991c31f7,41,1,42.33
e522c83e-31f0-4bdb-a7f2-7011dc6641a0,3,3,97.22
6bc452c9-61cc-49e7-b58d-79c69489dcca,17,2,277.13
1c6e1cae-a859-42b9-81bf-ef950dbb7696,1,3,232.27
bbd2b0fa-a912-47d7-b084-47e89db47ef8,13,2,68.46
06d6e363-ef78-440a-9d80-b8733b188354,9,1,21.71
02ac11fa-4194-4a31-a928-599d637783a7,7,3,160.25
b7ff6124-bad6-495d-acbe-5cb70a935e86,0,6,183.4
0d7bc568-5cd1-4538-aea2-c6a7ee68fedd,40,1,24.84
b3ebc16d-b7cb-4c6f-ba47-6df9459f310c,4,5,318.94999999999993
7d465323-428a-4685-8e57-760ef4b0b088,0,3,106.4
e39067f0-0515-4ecf-a7e4-a8a8baa3828e,10,1,13.96
9e949c69-d577-4ada-9d5a-021560b6e2a7,6,2,40.37
d00e4dc8-7733-4a39-973f-2736c0a698c0,9,4,829.93
cffbf1bc-ef28-41a4-813c-d0f2d5731dfe,1,6,250.06
d095ffd3-4557-4738-a1de-3c3ca59a73ad,7,2,42.510000000000005
4c1849ee-dbbf-4745-b3d9-d1a9ed42feb0,4,3,479.91
8d2b7808-96ab-47db-bdc9-1bb12e4e9606,96,1,45.12
714c0305-1c95-4e02-897d-1b0b8d412ba7,15,1,29.74
30786669-5798-4947-a801-03e100eb208f,6,1,33.21
47490150-94e0-4075-95ae-b908a28bc8cc,47,2,84.61
9fbfe669-8432-4632-b13a-c0a7c9f8953d,3,3,316.03000000000003
7825eb80-8a2d-4768-89cb-6825efc2f2d4,12,2,98.49000000000001
7b167466-91af-4e38-8323-fa5ae896a983,0,2,195.91000000000003
58168473-caa9-4790-89cc-ee77e631e60e,19,2,24.72
720adb78-cc2d-4cc6-a244-b1c9dbb9e7d7,12,3,191.92
d3fbede6-b441-42b2-8353-ed1cc9725c5e,6,2,196.72
02f1caeb-1821-42f2-9dc5-123e5d757ebf,5,3,100.25
8e9cbbde-7901-4c40-9966-c02a5a51f0b3,11,3,343.46999999999997
9287081a-6b12-4266-8fe8-f9a7db603dc7,2,4,104.68
ccf90b9c-49eb-44bb-b2bd-ca3cf4ffdbfc,0,5,133.87
382a5b15-41a5-401f-9211-552ea06ed576,8,1,33.09
464a3f3c-266d-46a5-b7f6-1e91f8c48fe5,15,1,33.42
de8be3d2-c193-4805-a0b7-593f2a09d5ea,1,2,80.11
acf62aee-b56f-417b-aa4b-8c46128a86d6,4,4,255.01999999999998
1090ab66-8fc4-45b2-8445-7dc23e542e50,7,1,41.85
ea879882-93fe-40dd-8dad-02bff7250881,1,3,65.72
ac65622f-4c4d-4220-ae1d-1c4ff66b123e,19,2,32.86
c63b88ea-1e98-4c84-801d-f9d2a472db1b,1,2,917.51
9547ebb7-6190-4eaf-844c-adc700d1df36,0,1,53.44
fec4e3c2-afde-408f-b58d-cb9ee4694d56,2,2,276.11
63e6c1e4-e77a-45be-9e0f-e5a39a5bd86d,0,2,101.22
3956439a-74b4-493f-8a31-d545db9dd54e,8,2,43.59
b6a205c0-9b53-405f-a2b0-be7833658b83,2,2,87.84
dd5eb50e-322d-4483-ab3a-dad3aae14835,11,1,29.98
510c2da4-4f70-4162-8a34-4321cddb172c,1,4,1215.9
caf87075-6a8c-4043-b7ed-eb8cb2081d37,10,3,99.53999999999999
88552c2c-3e09-4ac3-b579-ed7af8ff4bf8,26,1,62.01
a167e80f-2ab3-4851-ae40-8000b2b8518c,26,1,21.98
e87b2745-5306-4ffc-9ac4-f542fff146f6,7,3,95.88
957f75c6-6de7-45b3-8e5a-8e8ce09461e5,9,2,301.02
f11ec40f-694d-4f9f-b398-f556ac46db83,6,3,92.94999999999999
ef581469-7ab1-4f90-a4e7-5697c296ba41,0,4,276.35
910880dd-c792-4b1a-9a7c-996fd62eeddd,0,2,257.23
f66cb58a-64ec-42b7-9476-b29790e901d7,2,3,238.36
41975e7c-9b9d-4460-80ce-33b220bb2641,31,1,94.07
31a1ce5e-6071-4a19-a1c4-f0b104597dc4,13,1,52.99
d9ea47df-501c-4020-aeb5-407771a2ed90,2,2,38.400000000000006
2ffc95a0-bd91-47bb-85c5-84e37b3d0907,2,5,640.7
93e21129-a6a0-4213-b607-4bcc540d88b1,0,2,67.89
0d0f35a7-0e7e-40e6-bf6e-496fd199708d,5,2,134.98000000000002
6de762c5-d167-4167-a64d-28ff41749b58,0,2,80.68
210ba984-2c8a-4c88-9d7a-54c026f83149,3,2,241.85999999999999
25ef7f4a-1f8d-4d03-841c-356da610e310,23,1,37.33
e2cc9c88-3128-434b-baa2-9df58883d6e6,6,1,22.94
baa93f6e-d55c-4dbf-9985-43912e0d0832,51,1,20.58
770e0530-368e-4108-92b1-36c015ad8971,13,1,73.71
1b69006f-efbd-40cc-bd0d-f3759cee92b5,14,1,20.69
bcaf2351-00ce-4b9c-9aec-98a330108e72,1,2,1106.07
b4daa5b2-93a0-4e2f-9f86-4cad9d0bcb69,1,5,438.58000000000004
93a07255-2134-40eb-8c4e-44df7ae2df21,1,4,485.27
f9baf3de-a972-48ec-ac45-85ebec0bcc55,1,3,364.65999999999997
a11a517e-0bde-48a6-aa1d-401cc8e5c22f,2,2,138.20999999999998
1bb5a80c-0e44-4f60-803a-77839006c934,10,3,357.37
8f6c2501-89aa-465c-bc16-30e6a1059d2c,19,1,24.84
98c4e9ff-8055-40e4-87bd-90b632c6b70f,12,4,1352.01
82e6e346-e9f5-4feb-a1a5-4c9587ff5409,4,4,133.88
4cdeb9c5-f5a6-4e59-95c0-01c531ec6932,10,1,126.17
a376ceb2-4e70-4ef1-86cc-99923aab2d43,44,1,18.19
f2e6ab8d-f3e9-4613-8a13-c9b5557f5f28,16,1,107.77
66a1660f-d666-4abe-b813-348334bf3006,0,5,202.41
1afecba9-4509-4e68-9877-1e5d6c4d98a6,7,1,50.84
90a91297-24ab-4288-afa5-31df4da9965d,0,3,409.57000000000005
2ae1ee37-2d92-4e0c-b9a8-c2b1a1ca037d,101,1,55.43
a0b949c8-d4d5-44dd-9b9c-b501bceb92f5,1,1,312.55
e03d8154-358d-42b6-8ec8-fc314fd0d343,0,2,69.1
dc0fd7a1-843b-4e45-a2b3-481547256840,2,3,114.27
da9daec2-c6d5-46cc-ace2-267de7dd90f1,3,3,194.28
07f57f13-63b5-4a57-b5a7-b6dbe2ba3cfb,18,1,76.63
f3168cd7-54e0-45ba-a610-657e89c77ca9,5,1,85.39
bbf29e59-dad7-4408-b619-6fb0c66f2680,12,1,37.93
1e5adf4a-ebe0-4dfb-b58d-1dd53a89e1aa,20,2,65.89999999999999
d273cd66-820b-4d27-8618-88b87f7aaf31,0,3,63.18000000000001
a8a4554e-a55f-4dd9-9680-6eb4ea13401f,1,3,180.10000000000002
6081824a-ae43-4fc0-bc14-4751115f65fa,15,5,718.4000000000001
96b3f85b-19f2-45e2-9539-e269901bbe46,0,3,149.51
65863a8b-83d2-4461-b4c3-5a982c6cc67f,25,4,207.86
f153b5bf-4285-45e8-b209-9a1ca2e08bb2,12,3,141.0
89f10bef-9422-472a-9fc9-43f71061ecac,57,1,18.1
5dd05191-45fc-4ee9-8be6-378e8a8695fc,9,4,285.65
5c2ac237-e01e-4c86-9dad-75683e33fe27,19,1,185.97
af0e938f-ce42-40a0-9920-24e0e7e63106,2,3,633.92
f23ead01-5e31-4c23-8df6-b052bdc753e4,12,3,149.56
a97fa023-9132-4605-aeff-44a4ca0c6b05,1,3,193.74
305b96f8-96bb-44ac-8d18-9cbaa7b7654d,0,1,22.98
ca1a41e0-05cf-4be7-9913-ead1567ff930,17,2,424.01
1a7e000e-f769-4564-89fd-ca52d98a59f4,4,4,241.72
83cd7c52-94f9-452d-aeb9-6408de8f1f36,10,1,16.9
23fd45ed-89fa-4306-a17a-b6f6f6eda90f,20,4,249.19
6ec13321-e215-4359-be7b-c99c442d2390,30,1,17.56
f9cd7597-2052-4126-8ad9-22425f3aade3,1,1,33.28
3c0af80c-8048-4b09-a8cb-7dc7de7bca0b,0,3,69.95
95377e2b-1462-44ef-a599-b7de6b62587e,0,3,143.96
55d5814f-550e-4a26-a8e3-51d00f9526e2,33,1,28.43
6ebc0e70-4fa1-432c-a5b8-480530f00fcd,31,1,45.86
902c424a-98ba-4926-a945-6f1e633523d2,5,4,374.74
b03ae17b-8fea-4950-96b8-e92f4c4989b1,0,6,490.74999999999994
7a7a2f54-f9ae-45b5-9b8b-130eb446a4a1,66,1,34.43
5c2ebcf8-7de3-4636-a2f2-ff5a97edeed8,3,2,214.09
f3d32272-f6ab-48a0-9f06-dbd8c8f75928,22,1,29.37
9cbe8764-764f-455f-aa90-a6b34657b460,1,3,760.52
a6805a3a-b53d-4f24-afde-e01ae032975e,12,4,195.59999999999997
bf8574f7-aaff-421a-b854-1def3d0c764c,0,1,14.51
fdfdf73a-92a7-42b9-a737-1e2917541fa2,17,1,14.98
e4f275e4-4ded-4d22-b0f2-a2f81df18b6c,4,3,409.64
976bcfa3-64b1-4b55-bb94-bf287c698bb3,12,4,257.16
c86ca871-47d3-41f8-8cea-d75483bad78a,3,4,311.08
120571a4-fcf0-4e8c-9b3c-8f49684c95d5,7,1,186.85
f1b09696-0b88-4c6a-9203-53dcc9491af2,0,2,358.55
05725ec1-9028-4531-9d6b-20e2e8ec01bb,3,1,140.91
c5892ca5-e2b2-4943-beb7-43c7a2e499ee,7,2,140.67
d77c3d5b-2ae8-4cfc-b02f-404212468618,5,1,21.97
bf212607-285e-4e0c-a41c-5882bfbd6f38,11,2,100.36
589c7b65-d39c-43ba-bf26-1d0cd59e8990,7,1,19.94
a8137fa4-65ac-4f17-ba93-45d000d272fb,18,2,272.38
9319200e-918f-42f2-9723-e0392856d39d,5,1,47.97
5a4424d3-7a0d-41cf-8f69-1c4b9b1e3503,10,4,222.42999999999998
5ac87119-deac-4561-b0c3-210387d8b04c,14,2,140.77
8aa9295d-e771-4d6c-941c-2d15870e8e82,3,2,56.38
008aa192-33a2-4ae1-92db-2cba0889959a,0,5,325.1
e8a30246-e652-4927-a6b3-0d4cfb42d987,2,1,17.49
4a15e08c-46df-4c76-be8e-80373738f728,9,3,567.5999999999999
94faa405-3481-4779-a210-e89958ba6230,10,1,17.86
90a1096d-a7cc-43fa-a592-ff21868d0f38,4,3,306.78999999999996
eaf7ac47-e05f-4578-9140-8078a01b89c0,11,5,750.2
402bded5-326d-4b93-8cbb-b5205cd97051,3,1,25.99
86b1a06f-9b70-4310-b6f0-bc2831f5e32e,7,1,20.85
692fc24a-fd5f-4ae8-aca0-bfe25cc41f97,23,3,95.64
4d326f19-4503-4be1-a2d9-c0fe07cd46d2,41,3,1580.56
a5226e5e-e2a8-4146-9f1a-2804b5557132,13,2,102.84
c5c7d57c-5e5c-47f0-9c61-eae45942413e,0,1,37.99
455a8a41-04b0-46a4-a2d2-7752b12fc1fc,9,2,198.65
eec6eec2-9b5e-499f-b56a-dd010de14d96,1,4,274.89
b7d4473d-bf91-43de-a588-f467b39f076e,25,1,25.49
c9b892ac-dff3-4d0b-ae25-db2fd38bfb9c,2,4,373.73
60899fc6-9217-436c-8af5-650126221807,11,2,142.36
029ef4ab-490d-40a6-a937-139679eda776,39,2,178.08999999999997
b1b90232-4dfe-4f71-8a0b-426e5362f390,14,1,35.52
d365398f-0f45-4399-a41d-118dd316358e,3,4,1101.0800000000002
54ecb9fb-2a93-48e2-9674-d75c1f0b6233,6,3,257.47999999999996
e5e76af8-3924-4111-9479-7e022a77fc52,4,3,217.60999999999999
eb29dd3d-172e-4f1e-a0fb-32f186c07356,9,3,61.83
cf2df236-5361-423a-a363-fd153bc1915a,0,3,430.18
30eab7f5-c33f-44bf-9cdb-39c634c061e2,0,2,59.67
32682c25-7ed9-4083-8753-c4de8972044d,1,5,319.65000000000003
0008a04d-a75f-4b43-bb33-21c90b58a523,2,2,74.56
a1269850-e186-40bb-9bb3-cdf9556197c8,16,1,19.09
0dc1bd31-6431-4a6e-a641-8aeba06f8253,8,2,60.8
7aea77de-4b90-4609-aaaf-a9c362662e13,6,4,419.76
dd258aff-e6d7-452f-a718-b2469d8cc223,0,5,670.48
86fcd3f3-f0a0-4a57-94fc-b0b2e6aebd6f,0,3,574.63
da0f4bd8-dec2-446d-9958-2dfd7e8c6b58,3,2,88.63
f7a3f31d-27bb-4f47-ba9c-1ea243a3a838,9,1,246.89
c787529e-24fd-43f2-a7a8-2456d9e39137,7,2,123.25
53e63d9f-745a-4a9a-8e3b-951f94bd6c19,10,2,58.49
c7f57185-7b7d-4d04-980f-347b5f324e0d,1,2,54.24
cd12787b-fee4-4d6d-a5bc-b1f105a7fe6a,5,2,80.07000000000001
81d2be4a-7551-4011-bb98-9d48a73ac9c8,21,3,406.5
c37517d1-d7dd-400f-aea6-d28cf69ecd45,11,3,57.09
1acb5435-5a18-4a41-a70b-b256450e004d,10,3,160.45
3ca374e9-1445-470b-a355-4da6051e505e,0,3,699.17
6108a5a5-ff3e-432a-b277-641492d16a19,0,3,294.42
976928ec-7578-48ff-897d-f84da75882e1,1,1,49.38
2cd99a54-304f-4007-aeaa-83b6710912fc,4,3,76.58
77210dec-c610-4030-b12f-ad4698b18891,88,1,141.98
2b6db9d9-07ad-451d-8124-7c49825c0cb0,2,2,110.36
c1e1e1ab-ae0a-48bd-8218-6e7c26821745,8,2,76.47
66ee6172-6da6-456e-a612-8369cb2599ae,1,1,56.17
5ec56a7c-4115-4c93-aff2-db9b2e1b7d24,15,1,37.01
2ae346f8-3e46-4902-aaef-7c38f552b791,18,1,469.64
4729fba0-8159-40a6-b21a-126f8a8dba81,10,1,16.98
1223b827-bd80-4f6b-b7e2-d193eb1f25ed,4,3,161.0
721688fd-a8b4-467c-9b73-f4d0adcce68b,7,5,402.27
f5d11f8f-a6c3-410c-be9d-efb9ec5945ec,10,1,62.78
606337f6-4baf-4576-92d1-2c283d39ea3b,20,3,563.02
77051a4f-9830-435e-87aa-0daa894eb6a2,0,5,393.26
c308f540-34d2-4c44-be5d-25175ed5a229,6,4,441.84999999999997
77b455d6-a733-4cf2-b03f-6dca61d9a7a8,0,4,228.69
ec3a6d0d-2d89-444a-8e09-72e4253894f7,12,1,51.98
3b37eabb-f448-41fc-826b-6d1ca2ee61d3,0,4,455.08000000000004
4d02f957-5a6f-4264-9571-7535dfa97bad,1,3,68.94
5fc99dde-b4d6-45d9-b584-1cc241d2fe73,4,2,134.45
d46df13c-1646-46b2-b80c-b010b1886aab,9,1,100.64
772001d5-9bcb-40ee-95d0-b2c227cd6a6e,14,3,107.76
d6be1296-26c5-414b-b575-b6272703b027,2,2,211.16
1bc0c550-e443-4126-9a1c-dca8d9a86ff9,5,2,76.00999999999999
2af4328a-8bad-402a-8526-3b7458c06b5b,129,1,27.98
55815a79-a556-469b-8077-ae290b87f452,65,1,79.49
c44bdcbd-52aa-4831-82dd-fd950c7e1b7f,15,2,113.15
b6c59384-259e-4bc8-8af8-b961ef0da9e9,16,1,10.98
cc6d3e60-e08b-432e-928b-52b029af9a29,70,1,42.66
2afe03f3-c49c-432b-8256-42d680fe88dc,6,3,214.67
15251e4a-b4d3-47ef-8c15-a41ece67b5c6,2,3,886.0699999999999
257f48d6-16a2-498f-a071-7f4119caf83b,0,2,67.6
60aaa701-757a-441b-b3bc-5cecfcb69ead,3,2,770.33
e7bdb92d-8d05-4aa7-b2b7-0e05daa91111,15,1,55.98
8afcd698-110c-4a1f-8356-52dfe0dd0f38,10,2,51.87
f13e9196-1771-4244-be0f-94c34c0585c8,10,1,10.45
f379a46a-3250-463c-8fd7-20e524b838db,8,1,74.89
74f755d7-f30a-4b42-8859-c37ce327f840,2,3,170.8
81cbdf0a-4982-42df-a32a-59c7c857a21d,15,1,43.8
765f7cb4-4f93-40a1-a36d-15ece7ff0702,7,1,19.16
e7a176a1-39d9-4653-b0e4-6f8bdb059822,8,2,187.85000000000002
54116a82-4514-4a3d-b4c6-293416bb67b6,13,2,161.87
eb88af2c-b932-4073-af5a-de982c161d82,3,3,189.8
cdc1c41e-fbd6-4da4-93a0-5281633d3fb7,7,1,36.29
d5588db1-dbcb-4c39-80f0-bdf563476837,6,1,15.43
1aa39e5f-368b-4b7a-9644-d05179937ae8,3,1,18.98
d7775fd1-d087-449f-b693-05b36bd88d52,6,3,202.84
9b9f339d-7a9a-4e4d-8b41-3de00a0d046d,6,1,24.65
bf919277-c9ea-4e63-971a-1dc815dd83ae,0,3,210.72
66c817e2-d46d-441e-9e7a-560e98b016b6,11,3,92.25
b00ee19b-2735-4fd2-bd12-55e02684e0b6,22,1,97.84
fff4bb3c-61c5-405e-84b7-cfb7ada87074,0,4,1962.6799999999998
e260412a-b8de-4348-9a48-4954bb1f82b2,1,3,151.75
c3b4c479-8116-4cdf-b6f9-740dbf112432,7,2,170.0
483b311c-9588-4c44-854e-1fe3058d7309,3,5,400.48999999999995
406b7079-1067-475f-8072-fa408cba1778,4,2,37.2
e4b200c6-aa55-4573-929b-35a3df0ebca1,32,1,30.95
e52c849b-8f23-46f2-993e-7d12d5785450,3,2,105.82
8c1d6bb7-513f-4305-a824-59cc90e43523,13,3,291.45000000000005
03d3d036-fff3-43b1-a00c-d2de3416c982,5,3,88.96000000000001
f41f907d-9c65-4cd8-a8e3-973d5eb91766,3,1,30.94
1b7783d9-7a44-4f3b-83ba-54f71c7af637,10,1,55.96
62548619-3a07-4a7a-9f12-a7d5cdefb285,35,1,21.14
ee2a767a-3caa-4d64-83bf-ae6ff9f50269,4,2,163.97
7c3bda93-fda7-4738-8a7f-f5b9c97e75e5,0,5,535.79
d16660e1-0e05-4622-b884-4297d1e7288d,23,2,229.13
60b6ddc8-bcae-462f-933d-3459abbbbf4e,3,3,176.81
fe91f4a9-2f14-4bf6-b789-16676413719a,5,2,68.08000000000001
99387274-f69c-45cd-a6af-4247916a79c6,3,1,28.42
af34228d-5faf-40fb-980d-074c79ba1d42,3,2,196.86999999999998
35df211d-b22b-44b9-a14d-a7c77774790d,1,1,48.02
a98f9de7-24b5-4047-9567-87cc6da6fc83,35,1,248.74
36c3adbf-963c-4697-ab96-1874c8855879,4,4,278.42999999999995
9d052619-3d8b-43bb-b506-2def1c4ec33e,9,1,54.55
042acf19-39d9-4478-8147-107aa0a78f38,1,3,169.15
c44de2e9-4d98-45ef-b6eb-b1211c6e0b4f,4,1,15.74
26c27dd2-ca15-415f-bd85-26aa39ef9d93,2,3,222.45
eb5b1333-1e9f-4b66-b53c-68cf11c95ec7,9,2,39.3
1e680896-f280-457a-81cd-bd4e0b2f760d,7,3,167.32
6c607b7a-e9aa-4266-87a6-2f91e1e66076,7,1,40.02
8422a8a3-bd2d-4f74-9858-24d7d5016599,2,3,161.07
79968369-9ae2-49f3-9886-d0d8c9ba4e5c,0,4,362.94
05a01eee-6ec3-40b3-8cc3-a2e574bc4237,2,3,113.14
10388474-e612-4bdc-91ac-e7a2a40a991c,0,1,81.57
915c04fc-92c3-4619-8491-3dba4c4a9b17,0,3,342.67
2071a551-75be-4553-b137-21037bc2d0d1,0,2,270.11
90fc6831-6d4e-4674-9738-f4e72288298b,1,3,208.38
d51cfa8f-df17-4afe-bdcf-ff8d35618616,5,3,1159.5800000000002
5d008797-1e21-49b4-a8ad-79e557403e44,15,4,464.56
08708774-1656-4290-8b4a-bab186246831,13,2,114.06
927ac35c-3bf7-4886-aa4a-532626139b46,1,2,56.44
241be6a1-38fc-4188-884d-cc47562d4253,14,1,22.97
cf9801c4-3377-47c1-b509-e84ff06a35b4,5,2,84.5
11e9a82c-6772-4639-b0aa-0cec8551d601,2,3,453.51000000000005
c99ef034-8d26-4818-aa76-a9a0030b7307,1,3,57.38
de2354e7-bb9b-4f47-95a1-882fbcad2c8d,0,1,13.88
b5e47dbe-b2d9-4e36-a670-aaf55be7d4c6,4,3,90.62
3d1b8683-9408-4b6b-864d-a85ca2c90863,11,2,73.75999999999999
80ad2cb2-2209-4889-806e-057847fb1d66,0,1,59.98
5ff1074f-2ac3-4e29-b7d3-7425cfb18c38,16,2,74.35000000000001
9d92e2cf-94e6-43e6-9e69-a9a5517cf3c8,8,1,34.98
3ffa05e7-7050-4f1b-ba3d-63474e51863b,1,4,146.76
552aedc8-beae-42e5-a31f-c7bd6309888f,1,3,218.4
911953d0-176f-4894-8ce8-ee6acc0d79a1,34,1,37.98
189e0c8b-27d2-48a3-bc1e-62d258a84aa0,0,4,118.14
808e8ea3-be08-4ece-823e-fc7623421dac,1,1,72.88
94217c6e-a8a4-45c4-96a4-8ed319454cc7,1,3,169.72
d9bd5634-752f-4df5-b9e6-05c643eef16e,8,1,236.95
7741ea44-4229-4629-aa4f-ac7d7df0ec31,0,4,1296.67
2072b227-b97d-497d-80e8-d2e18525c39f,2,3,131.57999999999998
4c3b24db-00af-4351-80e6-851860cc5e4e,7,2,61.959999999999994
f6bf28ce-c116-4867-8234-a90f4e79c19c,2,2,165.04000000000002
09714e6c-f30d-43b3-8572-8d98e8606677,9,2,83.77
a53082ac-fe10-4be5-99fe-bd97f9b68e54,3,5,319.71000000000004
b1f6ae13-64d9-4b90-a7a5-b9bffd8c94f5,6,3,798.3900000000001
40451301-0327-4de6-af3f-3892c52f0267,7,3,102.67
5d5fc15d-e149-47db-b7c3-887ac7299065,0,6,249.78
4b645a04-99c4-4be7-b555-2b15663ad343,17,2,177.22
80b5e24c-838f-4769-b152-5289d21d1349,20,4,267.92
cddced0c-b0d8-42ec-8d8a-5d3e89c933fa,28,2,141.11
0d3a2d8c-e12c-4aad-b783-24a25e0eb1ec,14,2,299.21000000000004
4bc5a77c-7fde-4154-9876-fdfc9055bbde,0,1,19.98
11439078-21f6-4c7f-83a9-8081450d2421,18,1,22.12
b1bc951b-ed83-4f82-bb4d-ef1d7c6dfb00,37,1,29.56
b65f67db-bcd0-46ec-b62f-c970f64fc4d3,19,3,155.99
e3321f36-38f5-411c-af04-c88926c44520,9,1,60.69
2e5599a1-6da1-4fe3-838e-4704c9fec232,13,3,188.23000000000002
35e2e2ed-c766-4de8-8283-6e040d5fbad0,12,1,50.96
7170d9b8-90b2-473a-b412-229386d1afb6,2,4,154.45
ed0455d5-5313-4eb3-a03e-99d232c1d60f,11,3,369.26
a1d3bd3d-1e57-4dcf-9dad-0ee07e8099d3,17,1,20.6
fa1bdfc4-8295-4595-84b6-b498368eb7f3,1,1,289.44
5d62b8c6-79ba-4276-b871-26e00d9a8b1c,2,6,316.57000000000005
e55bf6b3-cb40-4b3b-94a1-b06b7c8f3e66,19,2,88.56
15f26e14-ec06-4ccc-9112-153581462d6e,121,1,21.73
10e922e2-61b6-4601-938b-8eee842f167a,1,4,262.08
0eacab55-4550-447a-a4e3-2213fbbbdc6f,2,4,1368.83
faedfa58-bc5d-4954-90ff-7a12dccf0b88,5,4,147.66000000000003
da8e442a-28d8-4e24-8d27-fa0761e289d4,9,1,142.52
d5bce117-9fe5-4ed4-b9d9-d4f11ec7704d,2,3,152.13
b75f2af4-3d9a-4bab-98d8-d90418312f26,39,2,221.04000000000002
e394ac40-1433-432c-8cad-272c849cb8ef,6,2,92.88
48ff68e1-dd85-4c79-8782-ff87923a68fe,14,2,49.33
e1b03727-cf9d-49bc-b59b-59d61ffdcbd9,0,3,637.49
01388322-48e3-4065-9c3d-c56f43d67d02,12,2,108.67999999999999
108d7960-8dc6-44dd-8e57-4e6267ee9392,0,4,160.39999999999998
545893f8-f917-4f41-9d93-612dfc3cfbf1,38,1,1226.92
cc96c634-f768-4b3e-a177-759058873e4a,1,2,121.67
f5645a8e-ec07-48af-8117-358277033d0a,0,2,151.01
cefd30b5-4adf-419f-ac6c-49863b31c581,0,2,43.72
0944c808-4bef-4299-9f7a-9173143207de,4,5,350.77
72abbb52-f0cc-412d-b92e-dbdc3a1717f9,4,2,116.00999999999999
78dc0c66-a0d5-466e-ac09-d7db44f6d499,0,5,441.19000000000005
3378fed1-3033-4ebc-93c3-20499a7843fa,5,2,64.63
f49a4a65-69ba-4817-a3f6-c02d33ca0967,58,1,106.7
64950c8e-6e0c-4e03-a972-5e22d7fca3ac,2,3,82.3
bcb978f2-e499-42c7-b85a-767197dd5551,9,2,111.47999999999999
da704c56-11cd-4307-bd02-42ac489fd995,1,1,281.9
936947d6-046b-4f56-bcc6-8042cd48c327,4,2,92.64
43e815e5-e6da-4a5a-8bbe-974139c8a90a,12,1,43.99
5fe36182-af66-4d54-a390-2373b2849b11,4,2,144.37
96e3ea72-dfdd-49b4-bae1-2b8cee6f9078,15,3,99.78999999999999
6fe012e1-6740-4580-bf61-fdb4286eb57b,3,1,17.88
5c101c6f-c632-45c5-a42a-afac6b32925d,10,3,147.75
00db6a2d-70fe-48a1-8c76-318df1fd3594,3,3,475.44
af0d13eb-0e61-47fd-9846-e43b2f521c11,19,2,151.55
2e08d55e-23a6-4bdc-b4e2-cacb71c4f233,7,2,144.57
b2334b07-5618-40a7-92ed-da47abbcf41b,7,2,59.85
485df170-777a-46bf-9140-973b3134d284,3,2,1270.4099999999999
9219e870-09e0-479c-98a3-fe866e5c63b3,18,3,537.3100000000001
e42e6860-d2e6-4118-82bd-0f519f2a934a,17,1,37.98
4c9bc94e-cbd2-499e-b03a-af7f509dbc84,12,1,183.42
70a3487b-7d88-443c-82df-36ba618590db,26,1,50.43
ff307bcd-3615-4b5f-8c4c-f37f9c495feb,4,3,145.66
e1b4f3fe-0062-45c1-8069-741f0ec2898f,0,3,230.06
17bcaaab-4955-428b-a655-9891ac512955,2,2,66.5
0cab17e0-e26d-49c0-a187-39ed14e185e2,3,4,139.62
5e3281fa-f899-4d83-8fe9-6fe65ec32709,2,5,398.02
01f887a8-5cd1-4b70-9096-eadc5afbd914,1,1,51.98
9ca3dc9f-2f6e-4d0c-a8da-b9e4619966dd,2,3,1168.48
fe4a13ef-11fe-4e3e-b1ec-22a4b50f2c53,0,2,84.7
51169fd3-23e5-4788-8649-b2cba07e0afc,3,1,43.98
ea018250-a036-4a04-9baf-f31b88d0eccd,92,1,30.57
f6d839c5-8c8d-438f-a442-77f7975e1435,18,1,74.63
01fa12b0-e762-41f5-963f-b519c779419f,12,1,75.02
f18f8968-ad78-488b-9087-2e0e5d0c3b68,86,1,31.98
7554c0c3-3627-43fc-b824-74c6bb0397c5,13,2,60.57000000000001
60a33e7f-3dc2-4b6c-858a-168456def51a,1,3,135.07
abfd3b82-2de8-402d-9adc-e932ea2badee,9,2,105.07000000000001
5590c7ae-57e6-42e2-8323-72fdd5dc1883,0,3,359.63
b70c2f51-ef21-4370-80c7-bd622d8a232a,46,1,25.26
82308570-9ae6-4b25-b9ea-de2ac31a4882,7,4,8158.11
7dae8d45-5702-4149-85d6-5f8cd464b7b5,13,2,74.97
cdc2ff44-e5d2-425c-805c-9db0b8e3dcb5,49,1,16.32
d304aedb-44ab-43f0-a0dd-a9d6cc18b42f,15,1,36.89
a6c34965-5119-4b5f-9d64-2511e2fcdb56,5,1,103.13
18e4d4b7-5a7e-4551-b7c7-5afad62a4554,23,1,53.82
af29025e-0d2e-4b02-8e1b-be3d636509ca,11,3,149.26999999999998
108fd078-4dd9-4ec4-8b59-26faeeb2781e,2,2,61.97
0cc32542-93b0-472d-b929-e2fa0d623578,17,2,120.95
410e4bf8-7675-4287-9fc9-d1bd6b8018a8,17,1,19.49
eaa830ca-30d5-4056-8cea-c62bb83b6b9a,2,3,129.24
5e757c47-7006-4627-bd7c-eb4b7ee57d8c,16,2,76.44
0d2b9c9a-fc34-4dbb-bc16-a520bade7c80,13,3,155.48000000000002
767bca8e-0f81-4139-9c43-5832d05d7f4b,75,1,27.96
0ddcbe76-ccf7-4c95-b99c-cb3f8a7da25b,8,6,295.46000000000004
496cb7c0-f25e-42ca-a538-e85e75ce41f4,1,2,83.58
4a4c3581-11fd-45cc-b8d5-079cf0ad293a,8,3,104.22
294545b8-67c3-46f3-ab59-4871174b87d9,39,2,38.379999999999995
5bd09c74-d723-4984-bdce-f4c9b54dfb09,31,1,37.98
f3d7a54e-1ce1-4fe4-b2c4-7db343e270be,7,3,240.52999999999997
5320e041-c85d-4278-9fed-887a5729d992,3,4,196.20999999999998
431fa955-818a-4533-a3dd-e707be98d915,11,2,121.01
714ee8df-a095-41ec-bc8f-9096a9174788,12,1,14.07
b3ae33fa-6c12-4e55-9f1e-e09628e0cab2,6,3,196.5
aabc663c-6420-4041-ac81-02bb4e3f2a1a,5,4,832.48
685d00a5-9b06-4e37-8f97-836479f9afe2,10,1,49.86
9376f86a-7bb2-438c-ae7f-aac09414e9e6,1,4,357.09000000000003
d073d61b-56d4-4448-88d5-8d6fab236a14,17,3,252.93
646e5baf-2baa-479d-bbed-9311a638980d,22,1,460.79
028f4c0a-c5b9-4884-8938-2b09cb91d589,5,2,357.0
e53cb02d-9f99-40b1-8154-182f719220c8,6,1,514.44
99a8d25a-d81d-4d81-ba0f-87818c3c911f,7,2,117.30000000000001
1029681f-2c16-4f1d-99c3-6061c290b689,13,2,156.07
62c54550-c162-4164-8dd7-626cda00eb40,20,4,256.31
18dad95e-21bd-4d73-8fc9-3ba9fad4298d,3,4,216.12
ac291cb1-6c62-41ed-bd15-cb820aae6155,5,4,358.06000000000006
24920f31-fb88-47fb-83b1-f2f53f847de9,4,2,70.35
0191a391-c84d-4b24-8a5d-4d7d2daf21a8,10,4,554.06
0305e5c7-9a69-4d14-b2c8-d35ec7a5be3e,12,2,202.35
3f13e685-9d68-4ed6-b271-9a908f237887,5,2,338.75
09e73e77-154b-4be2-acc0-c6e72425e2fd,11,2,158.87
987f1324-70b9-493a-b8a7-53d059910b91,10,2,202.33999999999997
d6bf46b4-ae4f-4c77-931c-e5fc166fd31c,5,3,98.67
b1f48c08-46a9-489e-9157-47b30aa20153,1,2,159.06
2d8f3b8b-83e7-483a-9b06-1914228ef5cd,17,2,41.32
f75c53cb-d93d-4088-92ab-d3894af98fb2,6,2,90.38999999999999
b7c4ef1f-3cad-43a1-9b8f-8c760437e067,4,4,101.86999999999999
50683504-1521-41b8-83ed-96a7d407d0ba,3,1,42.98
b92629d0-d275-4304-8f0f-ee68f613ed00,3,2,109.88
67b14651-d9b2-4d6b-9724-f9bc2fd780f4,11,3,130.82
43927ad1-fe0b-4ad6-83c1-ed31cea27343,3,1,55.96
a379e9e0-db17-410b-a901-8237bb319c72,3,3,224.26
b2d0141b-a730-4a4f-87cc-152ff9d310d7,9,3,134.11
b533317d-483c-4dec-a148-52f73dd76e20,0,3,465.28
b413d695-94fc-425b-8aae-420725db763c,5,2,71.89
ef5106f5-72aa-4575-a0ab-47785b69f346,0,2,479.43
c973f36a-bab4-453f-b568-9b3a1d08333a,46,1,50.65
d671a4c8-c951-451a-8951-2a6a52ca7193,4,2,64.01
7b9fafcf-909b-4084-9332-7c6f5bd49fc3,4,1,24.94
6561944f-eab8-4abd-be17-873b6a88ae3d,0,1,37.97
b05b0222-fd9c-4752-aa7d-b92fd326df37,12,1,217.2
c9db6508-1a0d-493b-a0cd-dc4852a033ed,17,2,235.86
625736fa-3806-49f1-8a56-0e649bf7f1ef,13,2,206.59
4e2c7274-1e95-45e0-9cbd-13d7ddcddb58,1,2,51.61
5401435b-4082-4c51-bd55-2e5c93661467,21,1,29.86
c8ff32b9-9f9b-4705-b535-f56d34b1db63,16,1,398.95
d7a6d219-462b-4017-ad95-f51d6644cdf6,7,2,92.76
c85ab469-777a-4409-8693-84d059946bea,7,2,100.46000000000001
742ce65c-8b3e-4654-a226-faf1ed28432f,37,1,17.19
e964685d-bb71-4197-b1c4-e2220cd64606,10,3,988.19
90ae4c7b-a8d8-48a8-88b7-8b53dd90cee8,1,3,174.48000000000002
52aa7427-70a6-4944-8674-9049f304a5e5,72,1,20.96
6101fad5-7a7e-4845-8468-0a3a9f268bec,15,1,14.21
a6e0604b-c47d-4e47-ba13-3c04a4dda089,9,1,44.49
aed177a3-cf3a-43cf-bee1-d21a98ae7ecf,6,3,220.95
139c8a77-c964-433d-b7ff-75ad0de7e6f4,7,3,391.99
234670c7-d847-46da-a64b-ab1a570088a3,9,3,96.82
ee7d6125-72fc-437f-aea9-a6a83812f515,6,3,103.36
a0033d20-c4f4-40d2-b25a-e75a088b4b2d,4,2,642.1600000000001
ba3a7597-54da-4120-b120-e80708002313,2,3,370.17
1d8bfcf4-169f-4a4c-bd31-a12c8dcef5c9,0,2,70.92
02c62a46-6dce-4b9e-b688-f367a7c9d40e,18,2,89.53999999999999
8ad29e0a-935c-4c45-855c-7ac43800eacf,5,3,337.53000000000003
9e3f99ae-4f73-4e15-bb57-ae1a43b4dfcf,19,1,24.25
89353348-7c7e-49f4-a558-cc0c491d972c,5,3,152.01
9bc016d6-f0f2-4a22-86d8-92594e1791f3,1,2,105.7
ddff70a1-89bb-4fa2-a644-5f17a31553d2,0,3,133.65
c0e22025-791a-47a9-aeae-0bff139fde2c,2,2,71.79
b0d38b94-8b00-4ef8-b523-7ce4606ed5d4,4,2,617.72
27b97d35-f73f-4bf7-bfe0-b4544b19a316,25,1,30.98
cc17e695-870c-4595-b107-97d89767255b,0,4,619.85
fcd6cdbe-be19-4762-a8e1-1af50edc7600,1,2,161.45999999999998
ab53802a-2691-4477-a3fe-75095dde29f4,5,3,296.46
c963859b-a567-4d0f-bb1c-0870ef0a5b78,11,1,59.96
51467972-3cc3-4bf7-ba5c-b01589a11f5f,7,5,229.51000000000002
26a04930-c8f6-414b-814b-17cb4ca9d702,2,3,159.64999999999998
115c4aa7-3905-4aea-8bb8-05848ce0ac9b,0,3,256.21
2056a6c5-84dd-4472-a244-45108d1946c4,1,4,129.75
293fb736-f270-4115-8ed9-bca10d471c7c,0,3,276.18
3ef30d9c-a17e-4b80-8ad8-b5ffbd83a28f,42,1,38.53
7949293d-b78b-4569-ad2e-03614c2f7a0a,4,3,233.76
97973846-93bf-4f6f-979b-fb6aef87649d,10,2,96.25999999999999
7a7a2b16-362f-4d9e-b713-ee37ec2c8a88,10,2,59.0
051d89be-8392-4e94-bec1-d5b1ee668c44,11,1,79.39
bd05401a-5348-4f8e-a430-a0c8a65f0d12,3,4,274.72
ca50d3a5-61b0-4e4c-8d1c-f3c23d03e981,9,5,247.96999999999997
48b698f9-0d23-4ac7-87cc-ba117761ebdd,1,4,410.15
dacea7e2-bcc5-4eda-b76c-49f1d546acd4,17,1,1001.57
633d1ab0-5231-40ed-8b5f-6b8060c47cca,47,1,19.72
9de08301-b2d9-4f3f-b652-43c47d7c5ee8,22,1,54.43
9cfa85a8-68bf-4d52-91bb-ddcb4bb7fa18,0,3,125.55
46b55add-0c86-4a4b-acef-daa36ec7de44,11,4,287.3
77ff834d-b112-4168-b176-3da67e24154d,71,1,113.97
26ec45a3-389d-48fc-9de2-69d53d0eb0a9,26,2,88.87
69b68348-fe37-42df-843c-f4e80a27de0b,0,4,263.04999999999995
3411936e-cc5d-49e7-92a0-fcdfa7722165,12,1,56.89
0fca9f4f-053c-487b-85bc-af6703397aff,18,2,113.47
92a825af-25d6-4c0c-a8a0-69111db5cac1,28,2,43.28
20887e74-d6b5-489d-ab11-274bfa45e21f,3,3,68.39
2c9da289-c798-41b6-8ba1-e7cdc2d501c8,18,1,21.73
324d7f72-e0db-4991-b468-2a70aa54404c,7,2,79.68
88e7cfdf-56c1-4870-bc57-669696b838fe,7,3,350.81
e9125ee3-799e-43e9-a753-b945de321bb6,0,3,219.56
fcca77b4-9faf-49ed-976c-8c0b52d219ec,3,2,140.86
32681069-4574-4e5e-a911-0341b7c174b7,15,2,193.76
f0d273e0-0027-419d-9330-efaf0b94109b,6,1,62.63
73e9af1c-3ee3-4188-8c57-960d2b1e78fb,1,2,53.089999999999996
160793e5-e626-4493-9895-bf0335bbd514,12,1,17.56
9539045d-7147-4118-a67a-65353e3c508f,11,1,13.98
95b94ca3-0252-4987-a24c-568b9de5e6b5,21,2,138.98
1e23578d-ca8f-4cec-95b9-8bc46a04e641,27,1,33.57
d2d548fc-5ceb-4758-ae4b-5c5ef6f00356,19,1,27.98
a5473aaa-cb18-49cc-82a0-1e360ac4e3c6,12,3,215.56
58ffef87-3f49-4b0b-8c40-6fc590107113,8,2,189.71
c3d6c636-41c0-4ee4-b47b-df2581c35127,0,5,405.48999999999995
cc3b78f1-e5fe-4a99-b392-030370ce2f50,13,3,267.56
21f94c6b-ea26-4ba4-ab99-11f66787da1a,0,2,101.50999999999999
f27fa597-3b58-4615-9049-c32674730d1c,0,1,18.64
cda46fe2-590a-4662-b2ed-cef7069d45aa,0,2,71.69
4d632dcc-3b0b-4501-9fcf-bdb16c2ad0d3,52,1,14.68
c6e95f48-e5f0-4a65-8c6c-7ed9cb0515f1,6,3,323.37
ee40a79a-73ac-4dcb-876c-ff52975fc20f,53,1,11.78
e395cfff-da94-4e60-b038-ac9533d7c421,5,1,23.98
4df1d24e-0164-4d4a-8d07-6756ef16a98a,0,3,150.19
f866f7f2-36e8-4baa-960f-38bbd84657f7,0,4,122.11
529c3c7e-4ee6-48bc-99de-8c3c451f5bc7,0,7,551.5600000000001
2e4f9375-9d8c-49e5-aee0-5e40544160e0,2,5,274.82
afc8405f-9777-4f5d-86c9-35b38dfd7790,0,2,87.85
a3f4961a-bbdd-4b20-b4ba-c0e12687edb4,30,1,44.42
7736df07-1e49-4bf5-8d7b-d5bcc94d0130,39,1,52.89
cf7ffb6f-f95e-4aff-8950-62f0f1035b04,28,1,30.42
72cacef6-6a23-4045-8c6d-8683b3577062,8,3,156.15
2bb472bb-9aea-466b-b2c7-2d8039dfe11b,17,2,100.01
b76ca82a-3147-443f-ab16-2f8b43ff4479,16,1,80.83
f3354244-749f-4bf2-a545-e8d53535b9cb,3,3,156.74
1148b7eb-8411-42e0-a5d4-da8d0f0e2143,12,1,22.98
b5342b8e-07b7-4b02-a953-c320417a3a38,37,1,51.9
049d59a5-6132-4db2-a390-b3bf14a580de,11,3,291.61
74ec3590-9521-4e5f-b6f5-072bbe44d4ad,1,3,144.56
17a3000d-a143-455f-a1bd-5525afae7b87,3,2,60.650000000000006
6a2f7d0a-9799-42ae-b958-946990108508,2,1,44.41
f072452e-4619-4775-ae2d-58b4ebf50481,13,2,62.06
d820f62e-c57c-4dcd-815a-0a5530050024,3,2,107.63
a7e918f0-e8e2-4b1c-83ef-9c59d5a2fce2,6,4,188.81
caa3c274-37d3-41f0-bc39-123ca5dd4ce6,33,2,171.24
415f907b-2a2d-4b73-a024-e20a1849c4bb,3,1,50.26
d15ed332-a148-4548-b69a-1be7d78d0321,49,1,55.89
c5ad3815-740b-46cc-946e-da9cab8124f0,13,2,48.54
98d9af69-347c-4232-91f2-b90af6890533,1,2,124.92
314f5c99-6f01-4885-b490-d3f1bbf614a3,4,6,244.97000000000003
92c7fa12-08bf-42fa-ade4-20f4b6b03517,11,3,216.85
906ec3f2-4f34-4d52-8a7b-86257f930d13,1,4,626.6899999999999
c5d6d4a3-d9dc-4cfb-98d0-f2ab7110a895,22,1,51.29
7d8a9434-4fde-4f9f-b17a-4f573700ad85,8,3,108.49000000000001
d37ba928-8215-4267-9afb-f8bfbb064934,2,5,900.3399999999999
91b176c2-ff56-4e75-8ed6-86c2fcb4c0a7,0,4,583.15
0b57b36d-e2cb-4324-91d5-0faf3ea0d55b,40,1,43.39
d2be498c-fe76-4bdb-9632-fa0d26a0c2c4,8,2,266.31
093eca6e-41f0-471b-a80b-e458e263047e,0,3,109.94
893785d1-ede9-406f-81eb-ad82186ca337,0,3,920.5300000000001
d73eda24-c95b-4e38-9e26-0f62473229e2,1,2,92.66
bd4d562d-96d2-46dc-85d4-a7ecc9816de7,8,3,801.44
b21bca75-4aad-427a-8432-0ca9735e5001,7,1,53.36
f10cc757-8359-4d40-a6e7-6b89c593256f,1,3,202.04999999999998
c9ec4566-d752-4548-a905-4758c5c25357,9,2,61.62
44c422b3-f416-4321-be25-2aaa8c211d69,16,1,14.98
9b7beb39-f845-4289-be16-efe53b429350,5,2,62.45
7d6dfbd0-4607-48a0-ae8c-43f99c33e150,6,2,460.10999999999996
45637717-225a-49bd-9796-e8fdab60983b,0,2,63.4
58d85cd0-3767-44cb-ab9c-a4f98ec0c8a0,3,2,89.94
afe1ff72-a820-49e7-9746-4b410fb16805,1,2,81.4
a24bec8a-1152-44dc-8ccf-6b91cc120fba,10,2,175.51
d465b292-750e-42d9-bf79-6aeda46e6616,7,1,42.0
978d8eb5-e68b-4a9b-83a8-f2f3807e2e7f,8,2,1077.16
f730cae4-b01b-45f7-a0c3-9ab4ba924477,10,3,87.03
b5921792-0687-462e-9399-2f8d4f7c908e,7,2,103.99
38c9c467-c72a-40d8-9b4d-bf254da7cf82,8,2,162.53
c54bc795-e118-4167-89e4-ce07b3bcc6a7,6,3,159.84000000000003
ffcbe0b3-9dec-4996-b5e5-1f54a9e3902a,6,2,131.71
44d1344e-da0f-4538-bfa2-ae37016d21ee,20,2,120.77000000000001
e8304aba-ae1f-4b34-8074-3711ac761a26,22,3,78.63
640582be-6971-4052-8b84-f0c37937c865,13,2,229.49
81b46541-175e-4fa4-8800-693e6c73cb7b,6,3,294.65
a11c53fd-d6fe-4fd7-983b-9d965e34844c,4,2,89.3
02852fd7-4d7e-4a2d-856d-58ebeca07398,4,2,69.31
e94e372f-ccc1-490a-aed0-77611e357c76,7,3,238.88999999999996
5cbfd2b8-eb2c-4b3a-b97e-1060c86e24f5,11,3,380.76
c486ea62-78c9-4245-b768-f3f810f823e1,15,1,50.0
3cd323fb-bcf6-43a6-86de-bab3ad4cdcb2,4,3,78.48
a8483466-06e9-4660-b3cc-b4a1ebcc1cbc,0,3,243.14
19439680-d305-4f9d-a092-31214a705f59,39,1,17.98
354bc20a-de5f-4c86-8033-4cfaf516dac4,3,4,170.17
1379d4b0-af31-4cf5-9fc9-e64661c4a9d2,15,1,15.98
e8f9e79d-cbf1-44c0-a05d-36135889467e,2,4,586.44
b4b21d50-2962-4c62-8018-54c461013093,3,2,130.96
71622a2e-b67d-419e-9b75-f3e5251dae99,14,2,131.23000000000002
98a292d3-cad0-4507-8d12-c3fb1caaf2f8,2,3,66.9
7413b42d-0c8f-4caf-9338-5136a77cf67a,0,1,88.24
43bced3e-276b-4ecb-bd4a-65c695a9e351,0,4,257.81
b08db0cc-b039-4008-9c1f-820632fdb99e,14,3,161.89
7e36ad65-d200-472a-a54e-f1b544b3c2cd,1,5,362.94
7144440c-e079-44c2-a0e5-3d60ab52159a,8,2,361.57
cdda0789-6db0-45fd-952f-b52244222c84,2,5,178.9
2a4c881d-f62a-4cf2-abb6-0e0920ef54b6,34,1,100.57
ab0e5365-a743-4418-a45d-5776c1e837bf,20,2,109.99000000000001
08ccfbe5-8cf9-4684-9808-09c171c1f98a,0,3,87.36
5a54da49-ff03-4e76-9fc9-85b08f34cab6,17,1,69.84
65745b0b-b30c-4ed6-b5f1-3d5320922c37,3,3,101.07999999999998
20af0d01-2a3b-42b1-bd07-0aea68dc5cec,0,1,10.54
b194e166-3627-4a38-952e-4f028003e6af,22,2,121.22999999999999
caf82dc3-15a3-422b-a18b-b1c05feb70da,15,1,91.68
262e9ce4-7351-447a-abe5-6398c330f7ee,3,2,49.260000000000005
cf1298db-12bb-435c-843f-6d11d3711cdc,23,1,15.97
3a6b744f-3196-4d83-ae97-e666410b36af,1,3,122.89
d3eacb75-2757-4a9a-9f4a-dae3d066a67d,3,2,51.95
b3e02b77-bca2-4cde-bc59-a5c6efdfb83b,0,4,346.6
ca202d6e-8909-4588-8e5e-cb70e72e3513,1,4,210.56
361e4062-1766-49af-8057-82b6f7ef5cc7,22,1,18.48
9002d3aa-6629-4679-8924-807e0732fe37,6,1,26.98
e15cdfea-0f6c-49df-8543-a9a17bd1f36d,12,2,88.53999999999999
58a9eaf0-51a1-46c7-bab1-d909789d5cda,8,4,177.34
c1ce021d-a173-45bb-b24a-98edc4f85b54,0,2,58.510000000000005
c3cdc6b9-ed9a-4408-81df-16b8a89358a3,19,1,59.34
75604692-528a-4006-b9e1-5ac041bed465,13,1,47.97
fa5f71f0-ca0b-4d6c-a192-bc1105755359,9,2,100.03999999999999
1e05c2b2-ae3d-4a69-84d9-ab79d1b40fff,0,1,34.5
d3b03f19-1bd8-45bb-b5e2-ea24bf766eea,6,4,307.59999999999997
c80ed76a-6a73-49eb-a6c5-a41e20f3b4c6,7,2,116.57
00490c02-681f-4744-b003-5116ef6cc382,3,1,60.51
87a37eca-5991-4084-b7b0-31c3ce4070b0,0,3,198.68999999999997
2d89b5d8-c9dc-4188-8ec6-e1ba0172a25d,2,3,70.28
a671a9be-30fa-49e1-be7a-2149b84ddd96,3,1,42.57
c53f519e-e6e1-40af-8230-4603ca7dfbc8,2,5,216.4
886ab6d7-c266-4769-92b9-574388a8af16,32,2,154.11
c7c206e7-d907-4ee4-87f3-ae2a78b6352f,18,2,404.1
7f618162-fdd2-419a-acf9-87fe304850e3,0,3,123.14
8ca7ebe2-43cb-4d5c-9443-1da13e49f247,0,3,59.58
77264e8a-7405-4d54-bc0f-ecb47299eba2,4,1,148.01
f19a2195-fba4-4b4c-8d5a-40dd992d1a8f,41,1,14.25
03d96084-cafa-418d-a74e-eb7adb9210dc,13,1,22.08
ec67771a-c673-4fac-905f-1a03b6419da1,1,2,124.83
091012fb-d3ab-4488-9ee9-58633061b1f0,19,1,51.7
4e91cd14-474a-43ca-af3a-639d041816de,14,3,240.27
277df281-2965-4b4b-95b6-f9dddc75b67f,2,2,65.96
40011b19-e45a-4ebd-9a3a-d8259a976d1f,70,1,124.24
090488b9-564d-4ca5-8a88-19a2304b0919,6,2,368.33000000000004
4e9ba72d-62c5-4a5f-a2ee-d78f54f977e8,11,2,115.57
dd12e53e-b034-4579-a344-e38ed6f1dd26,2,5,818.94
1b6975d6-42e7-4e73-a7fd-376e894ea9d5,8,2,42.01
0da7bf3a-aa4a-4a1e-aa5c-9b2be2158c40,6,4,179.2
0a9dc7d3-526f-4294-b177-411a7c5e1a8d,33,1,74.22
dc518a9a-379c-4d7d-8e7d-ce194a1b78f0,6,4,258.63
45cf9996-5cfd-49d9-ba0c-2593e7e151a2,20,1,28.19
6bea6c81-8851-48d1-b4bb-bfcee7a64602,4,1,53.08
399904d5-4f23-4707-861c-3a591e1d57fc,3,3,322.09
e8035baf-0527-4386-902f-38f874f17a44,1,2,205.96
3b420b16-72de-411a-ba83-5041d2af561a,4,4,158.74
5973b7c3-04b3-4434-a56f-ff8a8ee875b1,21,1,42.98
970e526c-9fab-4415-bb95-6137428139a5,0,4,182.25
80d0f21d-daa3-470d-9ac4-045667bdf4a0,3,2,75.91
61fb0ae2-4994-4860-a2a1-21f6c4bf891e,45,1,35.97
d215f253-1583-44c0-8c26-46c1f52aa701,1,2,103.89
3fb59194-0be4-4579-93de-2f8239b662e8,2,1,54.01
df013d5e-8888-4e27-9cac-98a4d863d134,47,1,32.74
50d00849-1604-4d5a-be0f-8a7813d58e84,34,2,158.93
5ebe0ed5-1993-48bf-9eca-c39e68ba4798,6,1,48.19
44282b59-b6a7-400e-b51e-94cdd641ba88,17,1,122.36
8978723d-d67c-4584-8ad5-c25dd991b2c0,1,2,112.53
23e04dd6-2a60-47c4-8474-095b8683773c,10,2,532.28
31020b50-563b-4cf1-88a8-78a03e68f895,7,2,80.05
c081d217-eb43-4adb-9e26-3e44953cbc3c,17,2,1103.93
30275f62-9826-418b-b3a1-02c84bd34503,7,3,135.97
a64db23d-e71b-41fc-a572-f7301819fadf,6,4,135.64
031c9141-6a22-4fa9-8f69-648259830e72,8,3,188.67999999999998
9772c7f8-e3b2-44b0-bd56-ce78e8c291a4,19,1,14.37
762982b1-577d-4f6a-97c4-ba75c206c457,2,3,76.44
c7ab2573-88ee-4b99-9736-ff3663a7725f,6,2,159.76
96eeb21d-1989-4cf7-b802-04efea4fb918,4,2,98.6
32397f83-f714-4cb0-b4a9-55a8d857e311,0,2,105.31
8e4fc294-9927-4cee-a46b-017fce4a4932,8,1,34.96
8db5e6ae-a4f6-4310-8c20-718a5f8eea6c,2,2,156.49
c0bdf368-6c4e-4b16-a5bb-ce43942fb5fc,3,3,140.44
e3f67a9b-53f6-46d0-b7d5-00688bac13ec,9,3,95.47999999999999
61b4188d-b0b2-4042-b809-515624a63cb5,0,3,113.72
4d689691-fb17-44ae-9bc2-385ba31096c6,0,2,71.62
7d11b05a-c01d-4dd1-b3be-76523ce6ed43,1,4,376.02
9e067cef-686a-466b-86ed-60b166c3c6ba,5,2,109.34
cc46f9a1-448a-4b45-93e8-4d612c165731,7,2,108.38
073ca639-a39c-4bf1-ba25-5c2803d27499,9,3,84.19
a41f20bb-6628-45b4-a2fd-7c7b188198c4,21,2,25.96
40830ee1-4b85-4220-a0ff-f79b94f29726,93,1,21.16
63a5ca31-5fdd-4fc5-9896-c062c8595b3c,2,2,43.13
705e8f03-2282-4ac0-b83a-a4df829f511a,3,2,66.88
48536209-8430-436b-a36b-34bebb0d3a7e,3,1,18.98
97a2a2f0-4e75-48a9-8589-ad9596f6b853,9,2,156.64
ff308022-b1e4-4835-adca-bfc1b03a7c0d,13,3,110.39999999999999
f7bd0040-a6a9-4062-9d41-9ba8626a2625,20,2,129.61
9df673bf-2b70-42dd-8006-356ee4720a06,4,6,251.84000000000003
abdd66df-e8b8-4769-9d18-40ac5a5df0d2,3,3,79.25
3efa2082-5cae-43b3-bd9c-2469797077ab,9,3,363.56
e80a0340-b394-4f16-9b43-82f2a0d0f2ef,12,2,40.489999999999995
f8dd1e1f-6ba0-4985-8621-824925c59032,23,1,204.42
33d146a5-1b72-4509-81a2-11f6b63a5cab,15,3,116.03999999999999
46e6752a-4911-4e50-9da6-6059a5026df3,0,3,328.84000000000003
3a751654-d2a1-4dc4-8c41-3f7239acf317,13,1,67.9
0f08bc29-d7d6-4f1b-a2f2-d468307e7849,13,1,88.79
889fd34c-0168-45fa-9ea9-e6f8cb4d226d,0,5,530.8599999999999
6946854e-c0d4-4cc0-ad17-62903f35ceb6,3,3,137.32999999999998
9a0a565d-2939-4d71-bb91-9078f176092f,8,1,21.98
57f0fff2-e0d5-4722-a022-6a9235a7c4a3,0,1,24.97
68790097-c5fc-47dd-b592-bca48a6b7400,6,2,44.38
c0f41685-9a4c-4c2d-803c-b48fec12c8d0,7,2,157.57
106f473f-7249-438c-95ee-b0f9a3d43cf3,31,3,329.6700000000001
9b11cfae-0e13-43df-a42d-1c276d6b2e09,14,4,212.6
d19e6d2f-e193-4887-9460-b384680b875f,12,2,71.68
ce2071f0-e029-4b09-acff-e31ab5cddde2,13,3,413.16
d823b51a-a2c0-4564-9fcb-7159f93a0bc5,2,3,210.44
d45aca8b-8229-4ead-ac6e-b6803e622d65,6,4,206.51000000000002
0a963325-161c-42c9-b0b1-659b40e5ad44,4,4,277.45
a72ca625-0d49-46f2-8dd2-94f65a8dfa0f,1,4,186.29000000000002
bb8ca725-6681-4a97-bbb5-18e922530a9c,11,1,1030.11
467d8dd5-d56f-4327-a236-df6aa26503e1,17,3,425.56999999999994
5cba3983-c544-4043-84b9-06acf678580f,3,2,87.76
8a97b9c1-164d-4361-8a67-630ff9f7524a,1,3,118.86
97b2e173-bd83-46e7-9455-c1ab2968ac22,3,2,39.480000000000004
399a6a0c-c025-4141-a37d-781ed0ca26cb,9,5,289.53999999999996
c9244571-7a1d-498f-8617-f72124418b46,14,2,976.29
15bb4e18-9061-4d7b-9d0e-87baf6b49657,0,3,361.42
e0edaf78-6f76-4a8f-a392-c0181c5a0c77,3,2,74.81
7b6fac82-f858-4d46-b6d9-42b29d6fcc49,9,1,21.11
6f1edd6b-4a42-47cd-b205-9e55dbe0823b,2,2,39.480000000000004
d8bd679f-f530-4fae-bb58-b995c05dd1af,55,2,71.71000000000001
2ae8e59e-add2-44ff-8f77-b1c52f6c8ebb,14,1,55.98
67d9558b-36d3-4ad3-9202-bcba4b1e3e38,24,1,18.91
aa5ac9ce-75c0-4b64-a531-6d9dc70caea2,3,2,446.57
3656b433-ec32-4350-b3bf-649cdf60eaba,7,2,66.15
a100a345-a6ba-48ce-b082-b40b3f9576bc,0,3,254.5
a0590ae1-e46d-429d-b5a9-e8c02c6cf1b8,12,2,164.6
0b4d1a89-24ee-467f-b2e7-e259b92df9fa,75,1,29.99
9963075a-4b9f-463c-80f2-b260f300f5a4,0,2,151.4
9e5f0f5d-1636-4bbd-a07c-6385101438a8,7,4,337.42
c223c304-bbda-4072-917b-e591268cbece,36,1,49.34
1781d1da-9a08-45b8-99f8-1aecf43803ab,5,3,574.0699999999999
151a5e8e-2778-4ba8-8151-d8679c1b143e,2,2,67.38
4a9c14f2-114b-4851-9715-0f60709f67fe,3,5,579.58
d05959ac-3013-4fda-b007-4c0aff3894bf,2,1,24.98
aca5e6f2-6ecb-479e-895d-7db159ddaca4,6,2,163.71
1d936b56-5aaf-40a9-9af4-11d6b8c7f4cf,37,1,25.59
ed70eb96-f6db-427c-b8bb-f59747ec3454,1,4,684.65
90bf9f60-f503-4933-b61b-254a75decbcb,1,4,226.3
159e7d30-c397-4f1f-ace4-464610354468,0,3,117.28
813792f3-e42a-4f6b-8313-fdff3831f2c6,10,2,60.33
84053c1c-2335-49ac-bbdd-c86cd9afa4b6,19,1,467.51
e0eaf9b2-5ec5-4124-9b7c-97364bf25c85,2,2,247.10999999999999
2788c247-48a2-446f-be0b-57248ae36df2,56,1,45.46
b70154c0-3278-46b9-b9af-214cc011cb9a,36,1,43.13
f8bc0b2c-6177-49e7-97b3-69468ab9e090,4,5,202.64999999999998
5a9691dc-46f9-48fd-87ff-35980a200d28,4,1,516.57
70fafb97-ff47-4cc0-a890-d2d7fa5fae5c,4,2,222.7
2dddfb23-7d7c-46a9-aba8-704f96da5f7a,8,1,37.3
3f40d449-a4b2-47c0-bd7a-2506ddd80e49,12,1,22.79
610c3ddb-c90f-4f0b-9b2b-f6a1aa4cab44,14,1,61.92
3774b607-05f2-4649-a3df-e057371f4a5b,1,4,217.29000000000002
afac0f1c-0541-4adc-88a2-8b5adbec2d8b,2,1,32.72
341831b1-6566-4fac-ab06-bcf444cb8ba0,18,2,89.41999999999999
c1376c42-db6f-45fb-a5df-d131749bd415,4,2,89.41
7bbb1006-be9c-493d-aca3-71e13233c7a4,5,2,85.6
51d96e75-d4c3-42e6-961d-926f3dad33bc,3,1,641.53
1e2ee142-0e78-4f07-ba01-c5f99821a170,12,1,62.97
5bf6bd07-7848-43fd-8803-4adcac13e5e3,3,2,66.62
09987136-5fc8-454e-8de4-9efa6ee692bd,6,4,256.08
c77cefc7-1f7a-4173-8b70-04f1312bf322,10,3,88.05
59d9de96-2b01-4a1b-bc13-32793769d0cc,2,3,161.51999999999998
e1b7bdc8-0d9f-4a62-b020-b543c701a339,8,3,59.489999999999995
9d09e0b4-f615-4a3b-812c-d7367be29aff,8,1,20.97
dd44c98a-0ddb-4cef-96c3-58d46024dccc,3,2,91.92
0afeb129-92e8-46af-94cc-1eee2b4f6e7f,16,2,86.24000000000001
ed53e155-8596-4660-b40a-5be4576b75d8,26,3,242.7
e4991a5d-24fa-4b7e-a241-b403fc43ee60,8,2,103.58
c96fbeb4-41f5-4931-9019-552099c3f04b,11,1,15.98
3b3fdf79-4dc4-4062-8a68-22b1d71e5cec,0,2,135.53
ec674572-cc2b-4026-b52c-77adcc9409e4,18,1,41.0
11f13e23-541f-4968-8d85-bc2acfbe2342,14,1,29.04
0e7fd64a-d591-4271-b169-00d20cdd9d88,16,2,57.98
aee76583-2d26-443e-8154-c8b318333b4f,5,2,84.37
ea61106f-59dc-4722-9132-50d4841961f6,0,3,128.95
3b1d7d80-e103-4750-ab07-4e416e71d127,6,5,607.0999999999999
8300e720-7c23-48ef-8769-eae760f86639,12,4,161.79
21965b66-356d-4446-b083-113f5a2c51fe,7,3,446.03999999999996
2376284e-65ed-4e4b-b99e-98d53dcc4097,0,4,902.5899999999999
5c7cf76c-1485-409c-91a8-bc1c7fef5975,28,1,20.49
585a8e81-ab1d-4eae-87d3-0806880f07fd,3,3,497.99
493e91bc-b065-4199-aaed-040670b1cac4,3,3,445.27
4fe89d75-d17a-4091-9aa7-739f829fafe5,0,4,374.31
a13f7752-d1da-49aa-b5c5-5b52013fcb61,22,1,31.49
00029843-fcf6-45e4-8c23-1cdb0869cd43,2,2,619.4399999999999
57884c20-56b3-413a-8da5-a14d591eba72,11,5,481.30999999999995
74111ab4-a1b2-43ef-85a1-68a6f41df370,37,1,29.98
002e29c4-9a59-4017-af85-11b61824d65a,18,1,375.23
b56e95c0-14ce-4f75-9e3e-4ae493189672,59,1,51.23
933a0370-ec4d-4d3d-b46b-20516fce0bd3,44,1,42.83
fa03f529-7255-4eea-be83-a37b3051ecee,10,2,97.0
f9031088-de55-4405-bb0b-ec5c6f049c45,8,3,148.3
03d1b9b8-0670-4bac-b285-be0895522867,59,1,17.33
0eb76391-3221-4cd8-a82e-0f997f4ad5b7,2,2,47.28
8bb5c24d-85b0-4fcc-8002-5480e1dc096d,60,1,14.13
c51abee3-ef3c-497a-a627-793692b8e058,4,4,236.57
25e09054-b647-4928-9916-a0dcb0548c06,12,2,191.69
82039ffb-0a5e-438e-9993-82b2347bd755,11,2,425.78
225c7b82-6d99-4cbc-9b6f-ce4e171cd68d,17,1,113.84
8edb2d0c-5437-45b5-8e9c-b68649f5ea81,8,2,54.75
c1b6b191-88c5-4040-93a8-cd79c42dd980,0,2,67.48
65e8531f-237a-4165-b285-3d8b75df9f6e,46,1,34.56
4326be6a-822d-42a0-a0c1-aa0d8d699508,3,1,55.41
13fdd0cf-b41b-4f1d-bee7-71996fa518bd,17,2,97.75
1d295fca-2f14-4cf6-9859-65768e0ebf5a,1,2,153.85
0a9a4c5e-c359-4c5e-9dae-b4e1b029f026,14,4,214.45
546dd8eb-4e70-406c-aa42-13d97950e0e7,11,2,49.49
a9202605-02f0-4e57-bea2-a2d15c16133a,10,2,161.31
c2e6d586-97c1-4647-a71a-2c2a1f6c655b,0,3,1859.6599999999999
41f1315f-5a74-4744-a59d-9a066418e283,32,1,36.94
d76ec40e-0bca-4100-9479-f12a06b131a4,26,2,31.71
eb18842b-6c1e-4321-a70b-022e54eeb20d,7,2,37.99
db8fefe7-53f7-4a63-bbf2-bdd26adea017,25,1,229.95
478288d9-5f65-4e83-89c4-6075acf7355a,15,1,51.72
fcaeb50a-9398-4d4e-ab65-83e4dd5045dd,3,3,344.51
0b23a570-94b9-4044-9239-7834a7119286,9,1,45.47
b9498ee9-2047-435c-a31f-1986e77f6ce5,3,1,40.95
37004c1c-51cb-4715-9ed8-c1d605c18fe9,9,4,122.61999999999999
023db94c-e5fb-4aa1-9218-edd15a28eff6,4,4,404.18
a43aadc7-0749-4ae5-86c3-16f2294ff772,1,3,93.11
57547636-9e7e-424e-9aca-ff0c38790bec,6,2,832.96
eee2794e-a6fd-4aa9-a47f-0a284097ca55,3,4,247.61
6620d626-f9e8-4ce7-9b25-cd806a84c83c,3,2,176.13
80806910-e799-4904-a4dd-9feda7e132a2,5,1,19.98
8d49a501-c944-4194-9bc7-0c76830918dc,1,2,46.24
8ca818b6-853a-4ec2-a651-7adbbd0d3d75,2,3,195.11999999999998
2b7705f0-488b-4add-af7d-01a57f20f530,4,1,62.05
c0762695-7701-4fcb-b08a-7bfcefff4b14,18,3,564.25
f5f4f0d8-da8e-4b38-8565-59691a0180bf,31,1,12.88
5ee3442c-032a-4863-8e33-4a6ab69b2042,11,3,307.02
aa439d08-1cf3-4275-8197-d28b3a72a5f1,0,2,431.84000000000003
9a9c09ab-af68-448f-b10c-970a7e6f4c1d,6,1,62.53
079e4fa1-ca6d-4537-9a33-aee06b8dc9ae,2,3,705.24
2e7453d4-48a6-42bb-9c53-579d4e4d4978,9,2,77.27
b0211f3d-57fb-451a-a6a7-d58a4e7a82c7,55,1,8.62
881b830c-d748-41c1-8736-d14f5150b463,0,4,267.54
2a58d8aa-e497-4bbc-b92c-0fd0b94b6f92,13,2,59.459999999999994
cd16edfc-2204-407b-89b3-e25a7c2c3041,47,1,44.56
b63a37a3-6748-4719-9ebf-a3973547f0bb,10,2,173.44
2b4cd26d-bcd5-40a6-b255-cf19def0cede,63,1,19.94
a30368aa-22ee-4eae-844e-ffe2039a2cfd,11,3,79.66
72fd7b4e-f439-4c29-89a6-05cfa110ad52,1,6,223.83999999999997
d231cd67-3269-41fb-8db6-6c4095cae751,14,3,53.58
24a8f853-e781-42b2-b4f7-92a8d9455327,13,3,1333.99
fa2e66db-2c0c-4764-b102-0a1164e3e3ff,10,2,428.13
080b9193-bedc-4eef-8660-531c33477d9a,12,2,49.230000000000004
784852b5-b236-4c8a-b408-bb1355a89e52,2,2,78.74
2cc6d1d4-066c-463d-95da-ce8dcd0c6866,15,1,16.24
54e2e13a-50cb-4ace-a310-9d2ed181c08e,3,1,31.68
c8af3b49-5da7-4e82-8e55-9c69f449c03a,3,1,31.61
cede563b-21bc-4f5e-aedb-8bb8f2e404bd,0,3,117.97
27a7e015-a5c6-4493-aaf5-9d7fd1c65094,5,1,39.84
214ba6ba-c02f-4049-8528-7bc39262c14c,11,2,216.95
ccc04a5f-52f9-4b4d-912a-cd2971fc3631,16,2,158.8
68fa1baf-391d-4fe7-9fd2-5eac25b105c3,3,5,194.10999999999999
53fc7100-6e49-4fe6-af8e-21bbb7821b5c,4,1,18.98
d2ec2709-41fb-445e-a3e7-7ef995971c12,70,1,15.72
24902851-0f88-446d-a84a-f76b2259c230,8,1,23.99
848c23ce-5561-4d41-88e0-895ee7ebd29e,74,1,38.24
a6ee1479-ebca-4f78-a3f7-b2ca4909a82c,10,2,83.62
11409626-ea1d-442c-89a8-d1e980febad5,0,6,755.9300000000001
e883e6c9-6084-4122-83df-554ce66c21b9,5,6,405.56999999999994
91ca4bb1-92ee-4b2f-9609-8f06f2bad493,4,1,49.93
0263da98-8039-4daf-a7e8-70149fa30f13,1,3,211.19
e224ba55-669b-4f9e-9c13-4e458c7ecaae,23,1,11.52
3abf8fec-709f-4570-bd6f-87723a10f12c,2,2,140.92000000000002
c24afa9d-2017-4669-be5c-3a3e050dac2a,1,3,330.72999999999996
989a8416-3e98-48e2-aa3d-e555f893ab9e,5,3,155.12
475cb26f-257d-4440-8629-0137d77fd972,0,2,366.35
a40a9517-154a-466d-aefe-fa897194be2c,6,2,87.38
10202f14-ef80-4c25-9c37-559eb41f5e7f,9,4,671.6800000000001
89827d13-0e83-4b3c-b8ea-0fa4a92cd2cb,0,3,111.53999999999999
32d8eedd-e1be-4123-a8db-e55c56663ef7,5,3,685.35
c6573e92-a941-4c1e-b8dd-7a71c78f98e7,7,1,56.23
bb5c74f4-7883-4f03-9b0e-95ce6db745ab,35,1,17.41
76b791da-c355-4dec-a165-44f17a60232a,6,2,38.93
ab20576e-fb45-4e41-a3c0-108dcad1bcd9,2,2,77.9
3654a6d9-b142-48e0-9efc-fedf56c8db69,1,3,81.7
9249c985-5a3c-4f87-974d-aa5a6113c527,0,4,833.5400000000001
08046afa-fad5-47de-908e-7ca681e58549,49,1,59.58
3f6c3bae-3188-4f79-b6e2-2bd1549b9e88,46,1,23.59
bb70d336-abe7-4f3e-ac3f-3142340f27e2,10,3,142.19
cbcf6267-ec97-40a0-8084-f3755b1ce782,10,5,232.43
14a03eed-e76b-44ad-87ea-b3879daef750,10,1,18.42
7eac990e-9318-4f2f-8ced-3166ceb014ca,28,1,15.98
fb47cf55-2dbb-460a-a9da-4f620991b1ea,124,1,163.88
1fec7a00-1ab7-41af-aa63-2f64501062f1,87,1,97.8
28b5b2e9-089c-4bc3-9936-c49ce061f46d,32,2,155.92000000000002
f31d6567-e35d-423a-922a-9376641b5618,12,1,30.24
74bf63ec-5d36-4def-b5d1-cdc078e07fd2,33,1,78.96
1b7c89ab-98c6-4196-b459-a5dedbbd53a6,6,1,20.98
d7705b07-0236-4794-813e-d4fb198f4f42,2,2,79.04
18cf6a4c-30d9-4577-9ec7-25a1d0ff52a4,17,2,1268.88
0848dc17-37b9-45f3-9da8-2733f8a1742d,5,4,320.13999999999993
209276f2-be26-4650-ac23-83e17b8b71e3,0,2,67.61
48e5ee74-5dd8-4e69-bc38-dfe893d16972,20,2,102.28999999999999
4ef733f4-7163-48e9-a238-4075041ba5de,1,3,78.00999999999999
98c4cbe0-ae13-4e0e-a79a-60bae9ce5365,65,1,17.47
092c37cd-491b-4cf1-9edc-60aa4d371a65,1,2,4200.57
3de4ffd1-df09-4818-8592-6a5cb00986e7,11,4,340.03
2a5efafb-8e7d-4b4b-a767-aed5b279a5b8,15,4,575.62
ba49f17f-cb84-4402-9626-d10f114d3203,2,4,137.84
